District,Palika,HLCIT_CODE,cbs code,Area(SQKM),Total_Pop,Population_perSQKM
UDAYAPUR,Tapli Gaunpalika,524 1 14 4 001,11406,118.8569104,14562,122
SYANGJA,Phedikhola Gaunpalika,524 4 41 4 002,40902,56.8241048,12341,217
GORKHA,Ajirkot Gaunpalika,524 4 36 4 002,40102,198.1596427,15602,78
JAJARKOT,Barekot Gaunpalika,524 6 60 4 003,60701,579.7598971,18083,31
SIRAHA,Aurahi Gaunpalika,524 2 16 4 004,20216,35.80385274,23046,643
TANAHU,Aanbu Khaireni Gaunpalika,524 4 40 4 005,40710,128.1055182,20768,162
MANANG,Naraphu Gaunpalika,524 4 38 4 002,40201,838.5222643,538,0
MANANG,Chame Gaunpalika,524 4 38 4 003,40203,78.94928052,1129,14
DOLPA,Chharka Tangsong Gaunpalika,524 6 62 4 006,60108,1969.731866,1451,0
MUSTANG,Dalome Gaunpalika,524 4 45 4 002,40301,1349.364166,1423,1
MANANG,Nashong Gaunpalika,524 4 38 4 004,40204,710.2343771,1938,2
BAJHANG,Kanda Gaunpalika,524 7 67 4 001,70201,1474.911186,2182,1
MUSTANG,Lomanthang Gaunpalika,524 4 45 4 001,40304,725.1116982,1899,2
DOLPA,Jagadulla Gaunpalika,524 6 62 4 002,60103,780.2264584,2273,2
MANANG,Neshang Gaunpalika,524 4 38 4 001,40202,695.6547109,2222,3
DOLPA,Dolpo Buddha Gaunpalika,524 6 62 4 003,60101,1182.804286,2126,1
MUSTANG,Bahragaun Muktikshetra Gaunpalika,524 4 45 4 003,40303,887.3940826,2330,2
MUSTANG,Thasang Gaunpalika,524 4 45 4 005,40305,290.1268034,2912,10
MUSTANG,Gharpajhong Gaunpalika,524 4 45 4 004,40302,317.4667123,3029,9
DOLPA,Shey Phoksundo Gaunpalika,524 6 62 4 001,60102,2461.021997,3099,1
DOLPA,Kaike Gaunpalika,524 6 62 4 005,60107,467.92493,3576,7
HUMLA,Namkha Gaunpalika,524 6 66 4 001,60304,2431.096439,3900,1
DOLPA,Mudkechula Gaunpalika,524 6 62 4 004,60104,250.9802681,5129,20
HUMLA,Chankheli Gaunpalika,524 6 66 4 005,60301,1315.499499,5517,4
MUGU,Mugumakarmarog Gaunpalika,524 6 65 4 003,60201,2114.256242,5396,2
HUMLA,Tanjakot Gaunpalika,524 6 66 4 006,60307,159.8338953,5964,37
SOLUKHUMBU,Likhu Pike Gaunpalika,524 1 11 4 003,10308,124.1375441,5534,44
RASUWA,Parbatikunda Gaunpalika,524 3 29 4 001,30302,246.5676253,5490,22
HUMLA,Kharpunath Gaunpalika,524 6 66 4 003,60302,883.6549719,6011,6
DARCHULA,Apihimal Gaunpalika,524 7 75 4 003,70305,617.4779957,6779,10
HUMLA,Adanchuli Gaunpalika,524 6 66 4 007,60306,151.2866784,7116,47
SANKHUWASABHA,Bhotkhola Gaunpalika,524 1 09 4 002,10201,730.9584306,6576,8
SANKHUWASABHA,Chichila Gaunpalika,524 1 09 4 004,10204,88.2621797,7065,80
RASUWA,Gosaikunda Gaunpalika,524 3 29 4 002,30301,976.6713687,7143,7
KALIKOT,Mahawai Gaunpalika,524 6 64 4 006,60508,323.5313457,8323,25
GORKHA,Chumanubri Gaunpalika,524 4 36 4 001,40101,1649.199664,6923,4
BAJHANG,Surma Gaunpalika,524 7 67 4 002,70203,272.2816302,9022,33
BAJURA,Gaumul Gaunpalika,524 7 68 4 002,70102,316.2445606,8515,26
DOLPA,Thulibheri Municipality,524 6 62 3 002,60106,459.6631559,8370,18
TERHATHUM,Menchhayayem Gaunpalika,524 1 08 4 001,10803,69.8440296,8078,115
RASUWA,Uttargaya Gaunpalika,524 3 29 4 003,30303,118.4298747,8255,69
BAJURA,Himali Gaunpalika,524 7 68 4 001,70101,834.2486189,9214,11
BAJURA,Pandab Gufa Gaunpalika,524 7 68 4 004,70105,172.5389164,9432,54
HUMLA,Sarkegad Gaunpalika,524 6 66 4 004,60305,308.0252627,9868,32
TAPLEJUNG,Mikwakhola Gaunpalika,524 1 01 4 002,10102,441.3254874,9160,20
LALITPUR,Mahankal Gaunpalika,524 3 25 4 003,30805,82.39926895,9453,114
JUMLA,Guthichaur Gaunpalika,524 6 63 4 007,60405,428.6193793,9870,23
SOLUKHUMBU,Sotang Gaunpalika,524 1 11 4 007,10303,102.7457371,9530,92
SOLUKHUMBU,Khumbu Pasanglhamu Gaunpalika,524 1 11 4 001,10301,1535.451886,8989,5
RASUWA,Kalika Gaunpalika,524 3 29 4 004,30304,42.49236236,9421,221
JUMLA,Hima Gaunpalika,524 6 63 4 004,60408,132.9024039,10553,79
DOLPA,Tripurasundari Municipality,524 6 62 3 001,30210,394.8065648,10104,25
LALITPUR,Konjyosom Gaunpalika,524 3 25 4 002,30804,44.14251201,9709,219
DHADING,Rubi Valley Gaunpalika,524 3 30 4 001,30401,424.5006495,9562,22
DARCHULA,Byas Gaunpalika,524 7 75 4 001,40702,1203.082287,10347,8
SANKHUWASABHA,Sabhapokhari Gaunpalika,524 1 09 4 005,10205,221.3494494,10492,47
PARBAT,Mahashila Gaunpalika,524 4 42 4 004,41005,49.47815319,9858,199
DARCHULA,Duhun Gaunpalika,524 7 75 4 002,70302,65.74864337,10818,164
JUMLA,Sinja Gaunpalika,524 6 63 4 002,60403,153.9290297,11993,77
LAMJUNG,Kwhola Sothar Gaunpalika,524 4 37 4 001,40603,175.5773021,10032,57
BAJHANG,Talkot Gaunpalika,524 7 67 4 003,70204,337.0104868,11557,34
ROLPA,Thawang Gaunpalika,524 5 54 4 003,50202,191.7186688,10881,56
TAPLEJUNG,Maiwakhola Gaunpalika,524 1 01 4 005,10104,137.3368826,11037,80
KALIKOT,Pachal Jharana Gaunpalika,524 6 64 4 003,60502,167.7029018,12343,73
HUMLA,Simkot Gaunpalika,524 6 66 4 002,60303,789.2784941,11557,14
MUGU,Soru Gaunpalika,524 6 65 4 002,60203,367.3613442,12238,33
SOLUKHUMBU,Mahakulung Gaunpalika,524 1 11 4 002,10302,646.3444936,11452,17
BAGLUNG,Tamankhola Gaunpalika,524 4 43 4 002,41104,178.4852459,10659,59
SANKHUWASABHA,Silichong Gaunpalika,524 1 09 4 003,10203,500.4621375,11806,23
RASUWA,Naukunda Gaunpalika,524 3 29 4 005,30305,116.3180258,11824,101
KHOTANG,Sakela Gaunpalika,524 1 12 4 005,10506,79.77711231,11594,145
LAMJUNG,Dudhapokhari Gaunpalika,524 4 37 4 004,40608,153.4337381,10975,71
KALIKOT,Sanni Tribeni Gaunpalika,524 6 64 4 002,60504,137.3695813,12846,93
UDAYAPUR,Sunkoshi Gaunpalika,524 1 14 4 002,10407,106.5529565,11992,112
TAPLEJUNG,Phaktanlung Gaunpalika,524 1 01 4 001,10101,1850.957568,12017,6
TAPLEJUNG,Sidingba Gaunpalika,524 1 01 4 008,10109,205.1406782,12099,58
BAJURA,Swami Kartik Gaunpalika,524 7 68 4 005,70104,111.0569513,12784,115
JUMLA,Kanaka Sundari Gaun Palika,524 6 63 4 001,60402,226.3347041,13216,58
JUMLA,Tila Gaunpalika,524 6 63 4 005,60407,176.2481081,13607,77
BAGLUNG,Tarakhola Gaunpalika,524 4 43 4 004,41103,129.8341065,12009,92
LALITPUR,Bagmati Gaunpalika,524 3 25 4 001,20503,111.4545259,13049,117
TAPLEJUNG,Meringden Gaunpalika,524 1 01 4 004,10103,209.5742753,12548,59
SALYAN,Dhorchaur Gaunpalika,524 6 53 4 003,60904,89.72955387,13593,151
BAJHANG,Durgathali Gaunpalika,524 7 67 4 006,70208,62.18394459,12972,208
KALIKOT,Kalika Gaunpalika,524 6 64 4 005,30304,97.78513162,14080,143
DHADING,Khaniyabas Gaunpalika,524 3 30 4 003,30402,105.197119,12749,121
BHOJPUR,Salpa Silichho Gaunpalika,524 1 10 4 001,10602,192.7922621,13111,68
SOLUKHUMBU,Dhudhakoshi Gaunpalika,524 1 11 4 004,10304,167.2806056,13414,80
SANKHUWASABHA,Makalu Gaunpalika,524 1 09 4 001,10202,1190.763448,13572,11
KAVREPALANCHOK,Khanikhola Gaunpalika,524 3 24 4 006,30913,131.571906,14398,109
SINDHULI,Ghyanglekha Gaunpalika,524 3 20 4 003,31107,166.592314,13761,82
JUMLA,Patarasi Gaunpalika,524 6 63 4 003,60401,817.1224179,14571,17
DADELDHURA,Bhageshwor Gaunpalika,524 7 73 4 001,70504,234.9063808,14129,60
KALIKOT,Palata Gaunpalika,524 6 64 4 004,60501,320.2762843,15303,47
PANCHTHAR,Tumbewa Gaunpalika,524 1 02 4 006,10907,116.92145,13419,114
KHOTANG,Lamidanda Gaunpalika,524 1 12 4 003,10503,97.19245324,13369,137
JUMLA,Tatopani Gaunpalika,524 6 63 4 006,60406,527.7335189,14638,27
TAPLEJUNG,Yangwarak Gaunpalika,524 1 01 4 007,10107,92.40228729,13591,147
DARCHULA,Marma Gaunpalika,524 7 75 4 007,70306,209.2823035,14956,71
KHOTANG,Baraha Pokhari Gaunpalika,524 1 12 4 007,10510,141.242794,14349,101
TAPLEJUNG,Aatharai Tribeni Gaunpalika,524 1 01 4 006,10105,88.49956312,13784,155
JAJARKOT,Shivalaya Gaunpalika,524 6 60 4 004,60705,134.8615917,15269,113
BAJHANG,Masta Gaunpalika,524 7 67 4 008,70205,109.8091733,14951,136
MAKWANPUR,Indrasarowar Gaunpalika,524 3 31 4 005,31201,97.323201,13809,141
SINDHUPALCHOK,Tripurasundari Gaunpalika,524 3 23 4 008,30210,94.17170239,13197,140
GORKHA,Dharche Gaunpalika,524 4 36 4 004,40104,651.6477255,13229,20
DHADING,Netrawati Gaunpalika,524 3 30 4 005,30405,70.50911047,12870,182
OKHALDHUNGA,Likhu Gaunpalika,524 1 13 4 002,10405,87.88039321,14049,159
PARBAT,Bihadi Gaunpalika,524 4 42 4 003,41006,44.89280276,13403,298
KALIKOT,Tilagupha Municipality,524 6 64 3 003,60507,263.7464978,15766,59
NUWAKOT,Meghang Gaunpalika,524 3 28 4 001,30506,97.83680825,13479,137
DARCHULA,Naugad  Gaunpalika,524 7 75 4 005,70304,181.3715112,15874,87
KALIKOT,Raskot Municipality,524 6 64 3 001,60503,60.02601082,16272,271
MYAGDI,Annapurna Gaunpalika,524 4 44 4 003,40401,557.4906412,13315,23
DARCHULA,Lekam Gaunpalika,524 7 75 4 006,70309,84.51732437,14838,175
OKHALDHUNGA,Khiji Demba Gaunpalika,524 1 13 4 001,10404,179.4344897,15106,84
MYAGDI,Dhawalagiri Gaunpalika,524 4 44 4 001,40403,860.7150478,14104,16
SANKHUWASABHA,Madi Municipality,524 1 09 3 005,10209,109.7293751,14470,131
KHOTANG,Jante Dhunga Gaunpalika,524 1 12 4 008,10509,128.2772686,15444,120
DOTI,Badi Kedar Gaunpalika,524 7 70 4 006,70608,334.5149397,16720,49
NUWAKOT,Kispang Gaunpalika,524 3 28 4 002,30505,82.56612315,14861,179
MUGU,Khatyad Gaunpalika,524 6 65 4 001,60204,282.3520706,17116,60
KHOTANG,Kepilasgadhi Gaunpalika,524 1 12 4 002,10501,191.0788084,15288,80
DAILEKH,Dungeshwor Gaunpalika,524 6 61 4 006,60610,105.6907933,15883,150
DARCHULA,Malikarjun Gaunpalika,524 7 75 4 004,70308,101.4661589,15581,153
PYUTHAN,Mandavi Gaunpalika,524 5 55 4 004,50306,113.4524777,15058,132
TAPLEJUNG,Sirijanga Gaunpalika,524 1 01 4 003,10108,479.0954064,15806,32
NUWAKOT,Panchakanya Gaunpalika,524 3 28 4 007,30510,53.454122,15945,298
BHOJPUR,Pauwa Dunma Gaunpalika,524 1 10 4 005,10606,118.502339,15394,129
OKHALDHUNGA,Chishankhu Gadhi Gaunpalika,524 1 13 4 006,10401,111.6808224,15196,136
BAGLUNG,Bareng Gaunpalika,524 4 43 4 006,41109,75.45582132,14492,192
BAJHANG,Chhabis Pathibhara Gaunpalika,524 7 67 4 007,70207,116.9854074,16296,139
BAJURA,Badimalika Municipality,524 7 68 3 002,70106,277.3763653,16818,60
ROLPA,Sunchhahari Gaunpalika,524 5 54 4 007,50209,157.0818438,16034,102
DADELDHURA,Ganyapdhura Gaunpalika,524 7 73 4 005,70507,136.4879025,15093,110
SINDHUPALCHOK,Lisankhu Pakhar Gaunpalika,524 3 23 4 009,30211,98.51062492,15133,153
NAWALPARASI,Bungdikali Gaunpalika,524 4 47 4 001,40803,92.00108407,15734,171
BAJHANG,Bitthadchir Gaunpalika,524 7 67 4 004,70210,86.65592703,17154,197
BAITADI,Shivanath Gaunpalika,524 7 74 4 005,70407,82.19477916,17115,208
BAJHANG,Khaptad Chhanna Gaunpalika,524 7 67 4 010,70212,114.1290705,15893,139
SINDHULI,Phikkal Gaunpalika,524 3 20 4 007,31102,185.7457466,16968,91
PARBAT,Paiyu Gaunpalika,524 4 42 4 005,41007,42.73201564,15381,359
SURKHET,Chingad Gaunpalika,524 6 59 4 003,61002,170.9543278,17275,101
ILAM,Sandakpur Gaunpalika,524 1 03 4 002,11002,155.3528117,16065,103
KASKI,Rupa Gaunpalika,524 4 39 4 004,40505,94.93562859,14519,152
TANAHU,Devghat Gaunpalika,524 4 40 4 006,40708,159.6076492,16131,101
RUKUM,Sisne Gaunpalika,524 5 77 4 001,50102,328.2424688,16497,50
NUWAKOT,Suryagadhi Gaunpalika,524 3 28 4 004,30503,49.08024584,16800,342
KHOTANG,Aiselukharka Gaunpalika,524 1 12 4 001,10502,125.0795272,16097,128
NUWAKOT,Tarakeshwor Gaunpalika,524 3 28 4 003,30507,72.62736525,15719,216
PANCHTHAR,Kummayak Gaunpalika,524 1 02 4 004,10906,128.8158308,16118,125
DOLAKHA,Jiri Municipality,524 3 22 3 002,30105,210.8981366,15515,73
SOLUKHUMBU,Necha Salyan Gaunpalika,524 1 11 4 005,10306,94.2859447,16129,171
KAVREPALANCHOK,Mahabharat Gaunpalika,524 3 24 4 007,30912,185.8534741,18283,98
SALYAN,Tribeni Gaunpalika,524 6 53 4 006,50206,119.5876916,16624,139
OKHALDHUNGA,Molung Gaunpalika,524 1 13 4 003,10403,112.2756124,16241,144
SINDHUPALCHOK,Bhotekoshi Gaunpalika,524 3 23 4 004,30201,277.972544,16631,59
DADELDHURA,Ajayameru Gaunpalika,524 7 73 4 002,70503,149.8508823,17066,113
NUWAKOT,Tadi Gaunpalika,524 3 28 4 005,30502,69.7695737,17932,257
DOTI,Bogatan Gaunpalika,524 7 70 4 007,70607,301.9202632,17902,59
TERHATHUM,Chhathar Gaunpalika,524 1 08 4 004,10806,133.4588673,16715,125
NUWAKOT,Likhu Gaunpalika,524 3 28 4 006,10405,47.87376388,16852,352
PARSA,Dhobini Gaunpalika,524 2 34 4 006,20811,24.42267441,19911,815
KAVREPALANCHOK,Bethanchowk Gaunpalika,524 3 24 4 003,30910,100.9446331,16777,166
DAILEKH,Thantikandh Gaunpalika,524 6 61 4 001,60604,88.65038471,18896,213
DADELDHURA,Aalital Gaunpalika,524 7 73 4 004,70506,294.7506347,18531,62
BAJURA,Budhinanda Municipality,524 7 68 3 001,70103,233.5977098,18776,80
TERHATHUM,Laligurans Municipality,524 1 08 3 001,10805,89.95471573,16934,188
BAJHANG,Thalara Gaunpalika,524 7 67 4 009,70211,106.104007,17952,169
BAJURA,Chhededaha Gaunpalika,524 7 68 4 003,70107,128.1915539,18575,144
PARSA,Pakaha Mainpur Gaunpalika,524 2 34 4 009,20813,21.27014788,20717,973
KAILALI,Chure Gaunpalika,524 7 71 4 001,70802,496.2199371,18924,38
DOLAKHA,Gaurishankar Gaunpalika,524 3 22 4 002,30101,680.1558052,17062,25
MYAGDI,Raghuganga Gaunpalika,524 4 44 4 002,40402,379.9629023,15753,41
SIRAHA,Nawarajpur Gaunpalika,524 2 16 4 007,20214,32.11220614,19019,592
MYAGDI,Mangala Gaunpalika,524 4 44 4 005,40405,89.04242218,16286,182
SANKHUWASABHA,Panchakhapan Municipality,524 1 09 3 002,10207,147.5575849,17521,118
BAJURA,Tribeni Municipality,524 7 68 3 004,50206,171.1906211,18363,107
SIRAHA,Sakhuwa Nankarkatti Gaunpalika,524 2 16 4 008,20212,32.77670875,18558,566
SIRAHA,Bishnupur Gaunpalika,524 2 16 4 002,20112,26.29907707,18522,704
DAILEKH,Bhagawatimai Gaunpalika,524 6 61 4 007,60609,152.2211963,18778,123
SALYAN,Kapurkot Gaunpalika,524 6 53 4 007,60910,119.6694948,18204,152
SYANGJA,Arjun Choupari Gaunpalika,524 4 41 4 003,40904,57.3260507,16179,282
ILAM,Mangsebung Gaunpalika,524 1 03 4 005,11006,171.7430025,18503,107
RAMECHHAP,Umakunda Gaunpalika,524 3 21 4 004,31001,451.1050252,17601,39
ACHHAM,Bannigadhi Jayagadh Gaunpalika,524 7 69 4 003,70707,58.57049611,17359,296
PARSA,Kalikamai Gaunpalika,524 2 34 4 008,20810,24.34708671,21141,868
RUKUM,Putha Uttanganga Gaunpalika,524 5 77 4 002,50101,562.0984005,17932,31
SINDHUPALCHOK,Helambu Gaunpalika,524 3 23 4 001,30204,287.4350353,17671,61
BHOJPUR,Arun Gaunpalika,524 1 10 4 003,10605,154.2809148,17687,114
TERHATHUM,Phedap Gaunpalika,524 1 08 4 002,10802,110.4308897,17700,160
BHOJPUR,Aamchowk Gaunpalika,524 1 10 4 006,10609,184.1625816,18720,101
PANCHTHAR,Yangbarak Gaunpalika,524 1 02 4 002,10107,207.4924595,18281,88
BAITADI,Surnaya Gaunpalika,524 7 74 4 003,70404,125.2971023,18549,148
ROLPA,Madi Gaunpalika,524 5 54 4 004,10209,129.5236914,17986,138
MUGU,Chhayanath Rara Municipality,524 6 65 3 001,60202,482.6106882,20082,41
KALIKOT,Khandachakra Municipality,524 6 64 3 002,60506,133.9212658,20288,151
SINDHUPALCHOK,Jugal Gaunpalika,524 3 23 4 003,30202,595.9282895,19231,32
BAITADI,Pancheshwor Gaunpalika,524 7 74 4 004,70406,121.2115742,18766,154
SINDHULI,Golanjor Gaunpalika,524 3 20 4 005,31104,183.8565121,19329,105
SYANGJA,Aandhikhola Gaunpalika,524 4 41 4 001,40903,69.74148242,16589,237
JUMLA,Chandannath Municipality,524 6 63 3 001,60404,102.4487964,19047,185
SALYAN,Darma Gaunpalika,524 6 53 4 002,60901,81.7756739,19966,244
DHANKUTA,Khalsa Chhintang Sahidbhumi Gaunpalika,524 1 07 4 001,10705,99.2392711,18760,189
SINDHUPALCHOK,Sunkoshi Gaunpalika,524 3 23 4 007,10407,72.77813721,17246,236
RUKUM,Banphikot Gaunpalika,524 6 52 4 002,60803,191.0954852,18696,97
SIRAHA,Naraha Gaunpalika,524 2 16 4 001,20207,29.22687837,19369,662
SARLAHI,Parsa Gaunpalika,524 2 19 4 009,20508,23.0997285,21650,937
SYANGJA,Harinas Gaunpalika,524 4 41 4 005,40907,87.61627171,17343,197
BHOJPUR,Tyamke Maiyum Gaunpalika,524 1 10 4 002,10603,172.9334383,18211,105
SANKHUWASABHA,Dharmadevi Municipality,524 1 09 3 004,10210,132.3904585,18235,137
PYUTHAN,Sarumarani Gaunpalika,524 5 55 4 006,50309,158.4840351,18627,117
JAJARKOT,Kuse Gaunpalika,524 6 60 4 002,60702,275.102904,20621,74
RAMECHHAP,Sunapati Gaunpalika,524 3 21 4 001,31008,84.99504603,18128,213
OKHALDHUNGA,Champadevi Gaunpalika,524 1 13 4 004,10406,126.6898919,18613,146
DAILEKH,Mahabu Gaunpalika,524 6 61 4 003,60602,111.3272323,19277,173
NAWALPARASI,Bulingtar Gaunpalika,524 4 47 4 002,40802,147.8614643,19122,129
RUKUM,Bhoome Gaunpalika,524 5 77 4 003,50103,274.5872067,18589,67
OKHALDHUNGA,Sunkoshi Gaunpalika,524 1 13 4 005,10407,143.4776292,18550,129
DOLAKHA,Bigu Gaunpalika,524 3 22 4 001,30102,612.2432243,18449,30
BARA,Parawanipur Gaunpalika,524 2 33 4 001,20704,15.48767738,22787,1471
DHANUSA,Bateshwor Gaunpalika,524 2 17 4 001,20304,31.61682365,21530,680
ILAM,Rong Gaunpalika,524 1 03 4 006,11010,154.3785775,19135,123
BHOJPUR,Ramprasad Rai Gaunpalika,524 1 10 4 004,10607,157.9770399,18888,119
PALPA,Tinau Gaunpalika,524 5 46 4 002,50608,202.4609642,19085,94
RUKUM,Tribeni Gaunpalika,524 6 52 4 003,50206,85.82349297,19404,226
DHANKUTA,Chhathar Jorpati Gaunpalika,524 1 07 4 002,10703,102.4829054,18322,178
DHANUSA,Dhanauji Gaunpalika,524 2 17 4 004,20316,22.09821855,21395,968
ROLPA,Sukidaha Gaunpalika,524 5 54 4 005,50201,278.4871432,20009,71
LAMJUNG,Dordi Gaunpalika,524 4 37 4 003,40601,351.1932929,18252,51
PYUTHAN,Mallarani Gaunpalika,524 5 55 4 005,50307,80.32914845,17686,220
BARA,Devtal Gaunpalika,524 2 33 4 007,20715,23.30967242,23223,996
SIRAHA,Bhagawanpur Gaunpalika,524 2 16 4 009,20213,32.96344252,20957,635
SINDHUPALCHOK,Balephi Gaunpalika,524 3 23 4 006,30208,61.55705441,18909,307
KALIKOT,Naraharinath Gaunpalika,524 6 64 4 001,60505,144.5692405,21366,147
DOLAKHA,Tamakoshi Gaunpalika,524 3 22 4 007,30106,82.03231869,18849,229
KASKI,Madi Gaunpalika,524 4 39 4 003,10209,563.7497448,18153,32
DOTI,Sayal Gaunpalika,524 7 70 4 002,70602,123.4249672,19551,158
DAILEKH,Naumule Gaunpalika,524 6 61 4 004,60601,229.6354374,20802,90
DOTI,Jorayal Gaunpalika,524 7 70 4 004,70609,421.6667394,20824,49
SOLUKHUMBU,Dhudha Koushika Gaunpalika,524 1 11 4 006,10305,144.2698552,19672,136
LAMJUNG,Marshyangdi Gaunpalika,524 4 37 4 002,40602,597.8002148,18759,31
KAVREPALANCHOK,Bhumlu Gaunpalika,524 3 24 4 001,30902,91.40487047,18916,206
RAUTAHAT,Durga Bhagawati Gaunpalika,524 2 32 4 002,20615,19.79080418,22699,1146
BARA,Bishrampur Gaunpalika,524 2 33 4 004,20706,19.81487051,23785,1200
SYANGJA,Biruwa Gaunpalika,524 4 41 4 004,40906,95.95191657,18413,191
GULMI,Kali Gandaki Gaunpalika,524 5 51 4 010,40911,101.2336236,18876,186
MYAGDI,Malika Gaunpalika,524 4 44 4 004,40404,147.5330907,19121,129
JAJARKOT,Junichande Gaunpalika,524 6 60 4 001,60703,347.7179805,21733,62
DAILEKH,Bhairabi Gaunpalika,524 6 61 4 002,60603,110.9955339,21233,191
PARSA,Thori Gaunpalika,524 2 34 4 001,20801,128.776303,20397,158
BAJHANG,Kedarsyun Gaunpalika,524 7 67 4 005,70209,114.5653059,21307,185
BAITADI,Sigas Gaunpalika,524 7 74 4 006,70410,246.9074998,21510,87
KHOTANG,Diprung Gaunpalika,524 1 12 4 004,10507,136.1433058,20175,148
ACHHAM,Dhakari Gaunpalika,524 7 69 4 005,70709,229.1166123,21562,94
SAPTARI,Balan-Bihul Gaunpalika,524 2 15 4 004,20108,32.97442094,21819,661
SARLAHI,Basbariya Gaunpalika,524 2 19 4 001,20513,29.40394274,23568,801
DHANKUTA,Chaubise Gaunpalika,524 1 07 4 004,10707,147.082936,19283,131
KAILALI,Mohanyal Gaunpalika,524 7 71 4 003,70801,630.5134862,22053,34
PALPA,Purbakhola Gaunpalika,524 5 46 4 006,50602,138.3033477,19589,141
KANCHANPUR,Laljhadi Gaunpalika,524 7 72 4 002,70906,155.6620046,22569,144
TERHATHUM,Myanglung Municipality,524 1 08 3 002,10804,99.85780013,19659,196
SAPTARI,Tirahut Gaunpalika,524 2 15 4 003,20115,37.71427026,22010,583
LAMJUNG,Rainas Municipality,524 4 37 3 004,40607,72.02849639,18527,257
RAMECHHAP,Gokulganga Gaunpalika,524 3 21 4 003,31002,198.0516513,20058,101
TANAHU,Ghiring Gaunpalika,524 4 40 4 002,40706,126.534591,19318,152
DHANUSA,Aurahi Gaunpalika,524 2 17 4 003,20404,25.52020093,22578,884
SINDHUPALCHOK,Panchpokhari Thangpal Gaunpalika,524 3 23 4 002,30203,436.0822689,20860,47
ILAM,Mai Jogmai Gaunpalika,524 1 03 4 003,11001,135.1809715,21044,155
GULMI,Ruru Gaunpalika,524 5 51 4 008,50412,67.52268216,18581,275
PARSA,Bindabasini Gaunpalika,524 2 34 4 010,20814,26.05405523,24468,939
NUWAKOT,Dupcheshwor Gaunpalika,524 3 28 4 008,30501,131.5523546,22106,168
PALPA,Ribdikot Gaunpalika,524 5 46 4 003,50606,124.8451933,18770,150
RAUTAHAT,Yamunamai Gaunpalika,524 2 32 4 001,20614,16.69413419,23884,1430
DAILEKH,Gurans Gaunpalika,524 6 61 4 005,60611,165.5757711,22033,133
KANCHANPUR,Beldandi Gaunpalika,524 7 72 3 006,70908,124.1987549,21949,176
DADELDHURA,Nawadurga Gaunpalika,524 7 73 4 003,70501,142.7578356,19957,139
BHOJPUR,Hatuwagadhi Gaunpalika,524 1 10 4 007,10608,142.1841641,20404,143
PARSA,Jirabhawani Gaunpalika,524 2 34 4 002,20802,55.41750227,22765,410
ROLPA,Duikholi Gaunpalika,524 5 54 4 002,50203,163.6195374,20778,126
BAJHANG,Jayaprithbi Municipality,524 7 67 3 002,70206,167.6854883,22191,132
DARCHULA,Mahakali Municipality,524 7 75 3 001,70303,135.9545012,21231,156
DARCHULA,Shailyashikhar Municipality,524 7 75 3 002,70307,118.5413403,22060,186
SAPTARI,Saptakoshi Municipality,524 2 15 3 004,20101,60.0877833,21131,351
NUWAKOT,Shivapuri Gaunpalika,524 3 28 4 010,30511,101.4589904,20769,204
SOLUKHUMBU,Solu Dhudhakunda Municipality,524 1 11 3 001,10307,536.9253622,20399,37
RUKUM,Sanibheri Gaunpalika,524 6 52 4 001,60802,134.3089696,22194,165
BARA,Prasauni Gaunpalika,524 2 33 4 002,20705,20.2443274,25049,1237
ILAM,Chulachuli Gaunpalika,524 1 03 4 004,11007,108.0419239,20820,192
TANAHU,Bandipur Gaunpalika,524 4 40 4 004,40709,101.6382947,20013,196
PARSA,Paterwa Sugauli Gaunpalika,524 2 34 4 003,20804,64.32080206,23901,371
DOLAKHA,Baitedhar Gaunpalika,524 3 22 4 004,20304,80.37750802,19876,247
DOLAKHA,Shailung Gaunpalika,524 3 22 4 005,30108,128.4870792,19698,153
SARLAHI,Bishnu Gaunpalika,524 2 19 4 008,20518,28.07754446,24748,881
DANG,Dangisharan Gaunpalika,524 5 56 4 002,51006,111.1581706,21484,193
SAPTARI,Bishnupur Gaunpalika,524 2 15 4 007,20112,36.5277638,23038,630
BAJURA,Budhiganga Municipality,524 7 68 3 003,11213,59.50619457,21677,364
SIRAHA,Arnama Gaunpalika,524 2 16 4 003,20209,37.69212513,22912,607
DADELDHURA,Amargadhi Municipality,524 7 73 3 002,70502,140.2014108,21245,151
KAVREPALANCHOK,Chauri Deurali Gaunpalika,524 3 24 4 002,30901,97.74987707,20829,213
DOLAKHA,Melung Gaunpalika,524 3 22 4 006,30107,86.40237369,20210,233
SINDHULI,Sunkoshi Gaunpalika,524 3 20 4 004,10407,154.5009461,21473,138
BAITADI,Dilasaini Gaunpalika,524 7 74 4 001,70401,126.0436914,22924,181
SALYAN,Kalimati Gaunpalika,524 6 53 4 004,60908,502.9133595,23005,45
BAITADI,Melauli Municipality,524 7 74 3 003,70408,120.4755502,22545,187
BARA,Pheta Gaunpalika,524 2 33 4 005,20707,23.65246018,25653,1084
SARLAHI,Dhanakaul Gaunpalika,524 2 19 4 003,20514,45.9162116,24788,539
OKHALDHUNGA,Manebhanjyang Gaunpalika,524 1 13 4 007,10408,146.3121616,21074,144
SALYAN,Chhatreshwori Gaunpalika,524 6 53 4 005,60906,151.2919653,21452,141
PANCHTHAR,Falelung Gaunpalika,524 1 02 4 003,10903,206.2836017,21884,106
ILAM,Fakfokathum Gaunpalika,524 1 03 4 001,11005,108.3659997,21619,199
DOTI,K.I. Singh Gaunpalika,524 7 70 4 005,70606,127.7391849,20903,163
TERHATHUM,Aatharai Gaunpalika,524 1 08 4 003,10801,166.4402195,21747,130
MAKWANPUR,Kailash Gaunpalika,524 3 31 4 003,31203,204.5338319,23922,116
PALPA,Nisdi Gaunpalika,524 5 46 4 008,50610,194.8335912,22611,116
DHANUSA,Mukhiyapatti Musaharmiya Gaunpalika,524 2 17 4 005,20318,26.80486881,25482,950
PALPA,Rambha Gaunpalika,524 5 46 4 007,50603,94.30745179,20190,214
DHANKUTA,Sangurigadhi Gaunpalika,524 1 07 4 003,10706,165.9001052,21536,129
RAUTAHAT,Maulapur Municipality,524 2 32 3 006,20610,34.74489959,26424,760
GULMI,Malika Gaunpalika,524 5 51 4 002,40404,92.74524508,21729,234
KHOTANG,Khotehang Gaunpalika,524 1 12 4 006,10508,163.6660677,22474,137
ROLPA,Tribeni Gaunpalika,524 5 54 4 006,50206,206.1475992,22957,111
SARLAHI,Kaudena Gaunpalika,524 2 19 4 006,20519,25.31237001,26085,1030
GULMI,Isma Gaunpalika,524 5 51 4 004,50405,82.09533832,20964,255
UDAYAPUR,Rautamai Gaunpalika,524 1 14 4 004,11404,203.6049939,23481,115
MAKWANPUR,Bhimphedi Gaunpalika,524 3 31 4 004,31207,245.2631016,23344,95
DHANKUTA,Pakhribas Municipality,524 1 07 3 002,10702,143.8374984,22078,153
KAVREPALANCHOK,Temal Gaunpalika,524 3 24 4 005,30907,88.75929467,22712,255
SIRAHA,Bariyarpatti Gaunpalika,524 2 16 4 005,20215,37.64542843,25256,670
PARSA,Chhipaharmai Gaunpalika,524 2 34 4 007,20812,24.91150786,26671,1070
PANCHTHAR,Hilihan Gaunpalika,524 1 02 4 001,10902,122.5309843,22913,186
DHADING,Ganga Jamuna Gaunpalika,524 3 30 4 002,30403,143.6693872,21784,151
GULMI,Madane Gaunpalika,524 5 51 4 001,50407,94.79070199,21899,231
ACHHAM,Kamal bazar Municipality,524 7 69 3 003,70708,121.4142506,23738,195
BARA,Karaiyamai Gaunpalika,524 2 33 4 003,20709,47.68483918,26487,555
DANG,Rajpur Gaunpalika,524 5 56 4 004,20613,579.6287746,25037,43
PARBAT,Jaljala Gaunpalika,524 4 42 4 001,41002,82.42765631,21454,260
SYANGJA,Kaligandaki Gaunpalika,524 4 41 4 006,40911,73.67572618,21718,294
CHITAWAN,Ichchha Kamana Gaunpalika,524 3 35 4 001,31303,166.8459148,25002,149
BARA,Aadarsha Kotwal Gaunpalika,524 2 33 4 009,20711,36.2447307,27552,760
PYUTHAN,Aairawati Gaunpalika,524 5 55 4 007,50308,157.2196721,22392,142
KASKI,Machhapuchchhre Gaunpalika,524 4 39 4 002,40502,545.4408681,21868,40
ACHHAM,Ramaroshan Gaunpalika,524 7 69 4 004,70702,174.2169666,25166,144
RAMECHHAP,Likhu Gaunpalika,524 3 21 4 006,10405,124.306194,23109,185
RAMECHHAP,Doramba Gaunpalika,524 3 21 4 002,31007,140.6978071,22738,161
DOLAKHA,Kalinchowk Gaunpalika,524 3 22 4 003,30103,132.2938646,22954,173
PARBAT,Modi Gaunpalika,524 4 42 4 002,41001,143.8722178,21284,147
DHANUSA,Janak Nandini Gaunpalika,524 2 17 4 006,20312,27.57346865,25338,918
ACHHAM,Mellekh Gaunpalika,524 7 69 4 002,70703,135.4889851,24670,182
ACHHAM,Turmakhand Gaunpalika,524 7 69 4 006,70710,233.2635561,24764,106
ROLPA,Lungri Gaunpalika,524 5 54 4 008,50210,135.6669718,23631,174
GULMI,Chandrakot Gaunpalika,524 5 51 4 006,50403,105.9757701,21827,205
JAJARKOT,Tribeni Nalagad Municipality,524 6 60 3 003,60707,388.9152189,25590,65
DOTI,Purbichouki Gaunpalika,524 7 70 4 003,70601,118.3034988,22483,190
PALPA,Baganaskali Gaunpalika,524 5 46 4 005,50604,84.34390185,21361,253
BARA,Baragadhi Gaunpalika,524 2 33 4 006,20710,39.28701851,27191,692
SURKHET,Chaukune Gaunpalika,524 6 59 4 001,61009,383.1111442,25240,65
MAKWANPUR,Raksirang Gaunpalika,524 3 31 4 002,31204,226.7775124,26192,115
DAILEKH,Chamunda Bindrasaini Municipality,524 6 61 3 002,60606,91.04706539,26149,287
SALYAN,Kumakh Malika Gaunpalika,524 6 53 4 001,60902,178.0020368,24972,140
DHADING,Siddhalek Gaunpalika,524 3 30 4 007,30408,106.3924269,23729,223
KATHMANDU,Dakshinkali Municipality,524 3 27 3 010,30611,42.66912246,24297,569
BAGLUNG,Nisikhola Gaunpalika,524 4 43 4 001,41106,245.0842089,23300,95
GORKHA,Gandaki Gaunpalika,524 4 36 4 009,40111,123.9286983,23253,187
GULMI,Chhatrakot Gaunpalika,524 5 51 4 007,50411,87.23540241,21481,246
BAITADI,Dogada Kedar Gaunpalika,524 7 74 4 002,70402,127.1765668,24632,193
GORKHA,Bhimsen Gaunpalika,524 4 36 4 007,40106,101.2968643,22033,217
MAKWANPUR,Makawanpurgadhi Gaunpalika,524 3 31 4 006,31208,148.7082488,25322,170
SARLAHI,Chakraghatta Gaunpalika,524 2 19 4 004,20512,25.14033705,27952,1111
DANG,Bangalachuli Gaunpalika,524 5 56 4 005,51001,245.9882836,24245,98
PANCHTHAR,Falgunanda Gaunpalika,524 1 02 4 005,10905,107.1113215,24060,224
GULMI,Dhurkot Gaunpalika,524 5 51 4 003,50408,83.51848976,22454,268
GULMI,Gulmi Durbar Gaunpaika,524 5 51 4 005,50410,80.20077454,22037,274
TANAHU,Myagde Gaunpalika,524 4 40 4 001,40703,115.5118097,22502,194
DHADING,Tripurasundari Gaunpalika,524 3 30 4 004,60105,84.38618874,22960,272
SARLAHI,Ramnagar Gaunpalika,524 2 19 4 005,20515,26.42358762,28727,1087
BARA,Subarna Gaunpalika,524 2 33 4 008,20716,36.83709266,29537,801
NAWALPARASI,Hupsekot Gaunpalika,524 4 47 4 003,40804,189.4828956,25065,132
KATHMANDU,Shankharapur Municipality,524 3 27 3 007,30601,60.18633144,25338,420
NUWAKOT,Kakani Gaunpalika,524 3 28 4 009,30512,87.94524391,26263,298
MAHOTTARI,Mahottari Gaunpalika,524 2 18 4 004,20412,28.04918358,27430,977
DOTI,Aadarsha Gaunpalika,524 7 70 4 001,70603,129.2232412,23945,185
SAPTARI,Rupani Gaunpalika,524 2 15 4 001,20104,55.94208296,26387,471
DHADING,Galchhi Gaunpalika,524 3 30 4 010,30411,118.8722124,25655,215
LAMJUNG,Madhya Nepal Municipality,524 4 37 3 001,40604,113.9882594,23385,205
PYUTHAN,Gaumukhi Gaunpalika,524 5 55 4 002,50301,139.4403884,25421,182
DHANUSA,Laxminiya Gaunpalika,524 2 17 4 002,20306,30.6179773,28251,922
KASKI,Annapurna Gaunpalika,524 4 39 4 001,40401,418.4737601,23417,55
GORKHA,Aarughat Gaunpalika,524 4 36 4 006,40105,160.8444197,23884,148
PANCHTHAR,Miklajung Gaunpalika,524 1 02 4 007,10908,165.9873819,24615,148
DANG,Shantinagar Gaunpalika,524 5 56 4 003,51004,116.4989312,25203,216
DHANKUTA,Mahalaxmi Municipality,524 1 07 3 001,10701,128.967613,24800,192
PALPA,Mathagadhi Gaunpalika,524 5 46 4 004,50609,215.9298688,25017,115
GORKHA,Siranchowk Gaunpalika,524 4 36 4 005,40107,121.7414823,23628,194
SINDHULI,Hariharpurgaghi Gaunpalika,524 3 20 4 001,31109,343.6768815,27727,80
SURKHET,Simta Gaunpalika,524 6 59 4 004,61001,242.7048172,25845,106
ACHHAM,Chaurpati Gaunpalika,524 7 69 4 001,70705,183.1696518,25149,137
DHADING,Jwalamukhi Gaunpalika,524 3 30 4 006,30407,112.9413561,23966,212
GULMI,Satyawoti Gaunpalika,524 5 51 4 009,50402,116.1940123,23807,204
SURKHET,Barahatal Gaunpalika,524 6 59 4 002,61007,457.4103493,26802,58
SARLAHI,Brahmapuri Gaunpalika,524 2 19 4 007,20509,33.867049,29832,880
MAHOTTARI,Ekadara Gaunpalika,524 2 18 4 003,20411,23.97223016,29315,1222
SIRAHA,Laxmipur Patari Gaunpalika,524 2 16 4 006,20211,42.24804625,28054,664
RAMECHHAP,Khandadevi Gaunpalika,524 3 21 4 005,31006,150.2800913,25761,171
DHADING,Gajuri Gaunpalika,524 3 30 4 009,30410,139.3367457,27084,194
SINDHULI,Marin Gaunpalika,524 3 20 4 002,31108,297.0195379,27822,93
ACHHAM,Panchdebal Binayak Municipality,524 7 69 3 004,70701,148.5010073,27485,185
SAPTARI,Chhinnamasta Gaunpalika,524 2 15 4 008,20118,38.61382911,28390,735
SAPTARI,Agmisair Krishna Sabaran Gaunpalika,524 2 15 4 002,20103,102.8199069,27129,263
SAPTARI,Mahadewa Gaunpalika,524 2 15 4 005,20114,34.88045001,28542,818
SINDHUPALCHOK,Bahrabise Municipality,524 3 23 3 003,30209,134.6487749,26535,197
RUKUM,Chaurjahari Municipality,524 6 52 3 002,60806,107.7916792,27438,254
PARBAT,Phalebas Municipality,524 4 42 3 002,41004,85.86888157,24687,287
TAPLEJUNG,Phungling Municipality,524 1 01 3 001,10106,125.0868779,26406,211
RAUTAHAT,Rajdevi Municipality,524 2 32 3 016,20616,28.19582519,30569,1084
TANAHU,Rhishing Gaunpalika,524 4 40 4 003,40707,215.3188974,25870,120
DAILEKH,Aathbis Municipality,524 6 61 3 001,60801,168.8417646,29227,173
GORKHA,Sulikot Gaunpalika,524 4 36 4 003,40103,200.7279784,25389,126
BAGLUNG,Dhorpatan Municipality,524 4 43 3 001,41105,223.4584903,26215,117
DAILEKH,Narayan Municipality,524 6 61 3 004,60608,111.148101,27037,243
SAPTARI,Belhi Chapena Gaunpalika,524 2 15 4 006,20111,47.80723115,29459,616
RAUTAHAT,Dewahi Gonahi Municipality,524 2 32 3 007,20609,33.98161014,32143,945
SANKHUWASABHA,Chainapur Municipality,524 1 09 3 003,10208,222.9537537,27308,122
SYANGJA,Bhirkot Municipaity,524 4 41 3 002,40905,78.37968141,25583,326
PARSA,Jagarnathpur Gaunpalika,524 2 34 4 005,20803,45.3093475,32663,720
PALPA,Rainadevi Chhahara Gaunpalika,524 5 46 4 001,50607,176.3291198,26469,150
RAUTAHAT,Boudhimai Municipality,524 2 32 3 010,20611,35.33610696,33265,941
DANG,Babai Gaunpalika,524 5 56 4 001,51005,201.9633867,27469,136
PARSA,Pokhariya Municipality,524 2 34 3 001,20809,32.48975253,32885,1012
MAHOTTARI,Ram Gopalpur Municipality,524 2 18 3 005,20408,39.49630807,30412,769
SYANGJA,Chapakot Municipality,524 4 41 3 005,40908,120.7957472,26006,215
BHOJPUR,Bhojpur Municipality,524 1 10 3 002,10604,159.0559784,27204,171
MAHOTTARI,Matihani Municipality,524 2 18 3 010,20414,28.98703977,31026,1070
KAVREPALANCHOK,Roshi Gaunpalika,524 3 24 4 004,30911,176.1190447,28746,163
BAGLUNG,Kathekhola Gaunpalika,524 4 43 4 005,41102,83.0649302,26083,314
ROLPA,Subarnabati Gaunpalika,524 5 54 4 001,50204,124.861534,28213,225
ROLPA,Runtigadhi Gaunpalika,524 5 54 4 009,50208,233.5435926,27929,119
SAPTARI,Tilathi Koiladi Gaunpalika,524 2 15 4 009,20117,32.83152788,31735,966
ARGHAKHANCHI,Chhatradev Gaunpalika,524 5 50 4 002,50501,87.85345611,25335,288
BARA,Pacharauta Municipality,524 2 33 3 004,20713,44.01158254,34173,776
SINDHUPALCHOK,Indrawoti Gaunpalika,524 3 23 4 005,30206,105.0304718,28517,271
KHOTANG,Halesi Tuwachung Municipality,524 1 12 3 001,10504,279.5513045,29532,105
ARGHAKHANCHI,Panini Gaunpalika,524 5 50 4 003,50505,151.8291164,26424,174
PARSA,Sakhuwa Prasauni Gaunpalika,524 2 34 4 004,20805,74.29738598,33048,444
MAKWANPUR,Bagmati Gaunpalika,524 3 31 4 008,20503,311.6393714,30495,97
PYUTHAN,Jhimaruk Gaunpalika,524 5 55 4 003,50303,107.2448009,27931,260
SUNSARI,Barju Gaunpalika,524 1 06 4 006,11312,69.21291757,31178,450
RAMECHHAP,Ramechhap Municipality,524 3 21 3 002,31004,202.125124,28612,141
SARLAHI,Chandranagar Gaunpalika,524 2 19 4 002,20510,47.46489679,33328,702
MAHOTTARI,Aurahi Municipality,524 2 18 3 003,20216,35.71731462,31851,891
MORANG,Miklajung Gaunpalika,524 1 05 4 002,10908,158.3943472,28708,181
DHADING,Benighat Rorang Gaunpalika,524 3 30 4 008,30409,206.6151064,31475,152
JHAPA,Haldibari Gaunpalika,524 1 04 4 006,11113,116.8360478,28933,247
DHANUSA,Bideha Municipality,524 2 17 3 010,20313,45.44505286,32266,710
GORKHA,Shahid Lakhan Gaunpalika,524 4 36 4 008,40110,149.0595589,27555,184
BAITADI,Patam Municipality,524 7 74 3 004,70409,220.6296067,30435,137
RAUTAHAT,Gaur Municipality,524 2 32 3 015,20617,21.52799872,34937,1622
SIRAHA,Karjanha Municipality,524 2 16 3 001,20205,76.71883284,30967,403
LAMJUNG,Sundarbazar Municipality,524 4 37 3 003,40606,72.12160699,26864,372
OKHALDHUNGA,Siddhicharan Municipality,524 1 13 3 001,10402,167.5273276,27995,167
RAUTAHAT,Madhav Narayan Municipality,524 2 32 3 011,20607,48.51069898,35175,725
UDAYAPUR,Udayapurgadhi Gaunpalika,524 1 14 4 003,11408,268.9382615,30731,114
MAHOTTARI,Samsi Gaunpalika,524 2 18 4 002,20409,21.55141167,33791,1567
PYUTHAN,Naubahini Gaunpalika,524 5 55 4 001,50302,214.06752,30292,141
BAJHANG,Bungal Municipality,524 7 67 3 001,70202,450.1560419,33224,73
KAVREPALANCHOK,Namobuddha Municipality,524 3 24 3 006,30908,102.282381,29519,288
SURKHET,Lekabeshi Municipality,524 6 59 3 004,61003,181.7788092,30295,166
DHADING,Dhunibenshi Municipality,524 3 30 3 002,30413,98.62910833,31029,314
KAILALI,Bardagoriya Gaunpalika,524 7 71 4 005,70806,77.70002629,32683,420
BANKE,Narainapur Gaunpalika,524 5 57 4 006,51108,173.1329035,34942,201
DHANUSA,Mithila Bihari Municipality,524 2 17 3 005,20307,37.54472044,33556,893
ARGHAKHANCHI,Malarani Gaunpalika,524 5 50 4 001,50502,101.3486835,28044,276
SURKHET,Panchapuri Municipality,524 6 59 3 001,61008,331.6191227,32231,97
RUPANDEHI,Om Satiya Gaunpalika,524 5 48 4 006,50809,48.6458061,34191,702
SARLAHI,Haripurwa Municipality,524 2 19 3 010,20507,30.4760764,36042,1182
RUKUM,Aathabisakot Municipality,524 6 52 3 001,60605,562.3594352,33601,59
RAUTAHAT,Phatuwa Bijayapur Municipality,524 2 32 3 003,20603,65.232185,36308,556
SALYAN,Bagachour Municipality,524 6 53 3 002,60905,163.7719441,34118,208
BHOJPUR,Shadananda Municipality,524 1 10 3 001,10601,240.4411414,31606,131
BAGLUNG,Badigad Gaunpalika,524 4 43 4 003,41107,179.1410024,30906,172
SUNSARI,Dewangunj Gaunpalika,524 1 06 4 005,11311,53.40010277,35073,656
MORANG,Kerabari Gaunpalika,524 1 05 4 001,11203,219.0861105,30431,138
RAUTAHAT,Paroha Municipality,524 2 32 3 012,20612,37.44795548,37453,1000
JAJARKOT,Bheri Malika Municipality,524 6 60 3 002,60706,220.6740746,33515,151
KAVREPALANCHOK,Dhulikhel Municipality,524 3 24 3 003,30905,54.57869774,32162,589
KAPILBASTU,Bijayanagar Gaunpalika,524 5 49 4 001,50904,173.7518758,36937,212
DHADING,Thakre Gaunpalika,524 3 30 4 011,30412,96.02516122,32914,342
RUPANDEHI,Sammarimai Gaunpalika,524 5 48 4 009,50815,50.91618844,38305,752
SANKHUWASABHA,Khandabari Municipality,524 1 09 3 001,10206,122.3994531,31177,254
NAWALPARASI,Palhinandan Gaunpalika,524 5 76 4 001,50704,44.75954962,35429,791
RUPANDEHI,Marchawari Gaunpalika,524 5 48 4 010,50816,48.67366626,38776,796
JAJARKOT,Chhedagad Municipality,524 6 60 3 001,60704,285.419179,35295,123
DHANUSA,Nagarain Municipality,524 2 17 3 009,20317,38.9531604,35583,913
ILAM,Mai Municipality,524 1 03 3 004,11008,263.0321537,32576,123
RUPANDEHI,Suddhodhan Gaunpalika,524 5 48 4 002,50806,57.70071474,34638,600
DADELDHURA,Parashuram Municipality,524 7 73 3 001,70505,416.8180442,34983,83
RUPANDEHI,Rohini Gaunpalika,524 5 48 4 007,50810,64.76557017,37175,573
ILAM,Deumai Municipality,524 1 03 3 001,11004,190.9949646,32927,172
ACHHAM,Mangalsen Municipality,524 7 69 3 002,70706,221.328025,32507,146
JHAPA,Gauriganj Gaunpalika,524 1 04 4 003,11109,100.9544059,33034,327
MAHOTTARI,Pipara Gaunpalika,524 2 18 4 005,20413,39.93137194,35524,889
RAUTAHAT,Katahariya Municipality,524 2 32 3 004,20604,40.68222252,38412,944
BARDIYA,Geruwa Gaunpalika,524 5 58 4 001,51204,78.83949025,34871,442
PARSA,Bahudarmai Municipality,524 2 34 3 002,20808,31.56217612,39673,1256
NAWALPARASI,Susta Gaunpalika,524 5 76 4 004,50707,91.39022746,35890,392
KAVREPALANCHOK,Mandan Deupur Municipality,524 3 24 3 001,30903,88.55122438,32659,368
KAPILBASTU,Yasodhara Gaunpalika,524 5 49 4 002,50908,67.75914935,38952,574
BANKE,Duduwa Gaunpalika,524 5 57 4 004,51107,91.53112838,37460,409
RUKUM,Musikot Municipality,524 6 52 3 003,50404,136.579687,32939,241
MORANG,Gramthan Gaunpalika,524 1 05 4 005,11212,71.59689142,32717,456
SUNSARI,Gadhi Gaunpalika,524 1 06 4 003,11308,66.86373245,34852,521
JHAPA,Jhapa Gaunpalika,524 1 04 4 004,11110,93.73012453,34601,369
ACHHAM,Sanphebagar Municipality,524 7 69 3 001,70704,167.6064675,33788,201
KAILALI,Joshipur Gaunpalika,524 7 71 4 004,70809,65.94738568,36459,552
MORANG,Letang Municipality,524 1 05 3 001,11202,218.4526183,32053,146
DOTI,Shikhar Municipality,524 7 70 3 001,70604,287.0700133,31801,110
NAWALPARASI,Binayi Tribeni Gaunpalika,524 4 47 4 004,40808,288.5798156,32943,114
PYUTHAN,Sworgadwari Municipality,524 5 55 3 001,50305,225.4611414,30940,137
BANKE,Janaki Gaunpalika,524 5 57 4 003,70808,63.63935422,37839,594
ROLPA,Rolpa Municipality,524 5 54 3 001,50207,271.3681344,32759,120
SAPTARI,Shambhunath Municipality,524 2 15 3 003,20105,108.4508997,35213,324
RUPANDEHI,Kanchan Gaunpalika,524 5 48 4 001,50804,58.65494563,33072,563
SARLAHI,Haripur Municipality,524 2 19 3 005,20505,66.81743772,37351,559
JHAPA,Barhadashi Gaunpalika,524 1 04 4 005,11111,79.98340997,33653,420
DOTI,Dipayal Silgadhi Municipality,524 7 70 3 002,70605,127.3448852,32941,258
SALYAN,Banagad Kupinde Municipality,524 6 53 3 001,60903,339.6442218,36052,106
MAHOTTARI,Sonama Gaunpalika,524 2 18 4 001,20403,57.71847468,38747,671
PARSA,Parsagadhi Municipality,524 2 34 3 003,20806,99.71591473,38607,387
SALYAN,Sharada Municipality,524 6 53 3 003,60907,199.1535603,33730,169
BARA,Nijagadh Municipality,524 2 33 3 001,20701,289.4074372,35335,122
TANAHU,Bhimad Municipality,524 4 40 3 004,40705,129.4859901,31362,242
RUPANDEHI,Kotahimai Gaunpalika,524 5 48 4 008,50814,58.39437381,41006,702
GULMI,Musikot Municipality,524 5 51 3 001,50404,115.0561583,32802,285
DHANUSA,Ganeshman Charnath Municipality,524 2 17 3 002,20301,243.9386296,36338,148
NAWALPARASI,Sarawal Gaunpalika,524 5 76 4 002,50705,73.33584306,37418,510
SIRAHA,Sukhipur Municipality,524 2 16 3 007,20210,54.67342037,36883,674
RAUTAHAT,Gadhimai Municipality,524 2 32 3 009,20606,49.42227233,40410,817
BAGLUNG,Jaimuni Municipality,524 4 43 3 004,41110,118.963655,32046,269
SINDHULI,Tinpatan Gaunpalika,524 3 20 4 006,31103,279.8231242,36405,130
BAITADI,Dasharathchand Municipality,524 7 74 3 001,70405,136.0262094,34575,254
DOLAKHA,Bhimeshwor Municipality,524 3 22 3 001,30109,132.3265012,32486,245
RAUTAHAT,Ishanath Municipality,524 2 32 3 013,20618,35.1590763,41435,1178
ARGHAKHANCHI,Bhumikasthan Municipality,524 5 50 3 001,50503,159.592619,32640,204
RAUTAHAT,Rajpur Municipality,524 2 32 3 014,20613,31.40343897,41078,1308
BAGLUNG,Galkot Municipality,524 4 43 3 002,41108,194.8563229,33097,169
BAITADI,Puchaundi Municipality,524 7 74 3 002,70403,199.7271986,39174,196
GULMI,Resunga Municipality,524 5 51 3 002,50409,83.98550298,32548,387
RUPANDEHI,Siyari Gaunpalika,524 5 48 4 004,50807,66.51126319,38466,578
DHANUSA,Hansapur Municipality,524 2 17 3 007,20308,48.64388007,38216,785
DHANUSA,Kamala Municipality,524 2 17 3 011,20311,65.74309403,38624,587
MYAGDI,Beni Municipality,524 4 44 3 001,40406,76.74038673,33498,436
RAUTAHAT,Brindaban Municipality,524 2 32 3 005,20605,95.36318998,42735,448
DANG,Gadhawa Gaunpalika,524 5 56 4 006,51009,359.841785,38592,107
SARLAHI,Kabilashi Municipality,524 2 19 3 007,20511,48.07543562,42336,880
SUNSARI,Bhokraha Gaunpalika,524 1 06 4 002,11304,63.18356604,40509,641
SUNSARI,Harinagara Gaunpalika,524 1 06 4 004,11310,52.14040404,40846,783
MORANG,Katahari Gaunpalika,524 1 05 4 006,11215,51.42105786,39775,773
MAKWANPUR,Manahari Gaunpalika,524 3 31 4 001,31205,199.5881646,38399,192
MORANG,Dhanapalthan Gaunpalika,524 1 05 4 008,11216,70.02332075,39394,562
MAKWANPUR,Bakaiya Gaunpalika,524 3 31 4 007,31209,393.6527568,39620,100
PALPA,Rampur Municipality,524 5 46 3 002,50601,123.5446131,35396,286
MAHOTTARI,Loharpatti Municipality,524 2 18 3 008,20406,50.00701421,39883,797
DHANUSA,Chhireshwornath Municipality,524 2 17 3 003,20305,50.7788211,41793,823
KANCHANPUR,Mahakali Municipality,524 7 72 3 001,70303,57.2368466,39253,685
KAVREPALANCHOK,Panchkhal Municipality,524 3 24 3 004,30906,102.8449531,37997,369
SARLAHI,Bagmati Municipality,524 2 19 3 001,20503,101.1219756,40399,399
KAPILBASTU,Shuddhodhan Gaunpalika,524 5 49 4 004,50806,91.94463191,45201,491
MORANG,Jahada Gaunpalika,524 1 05 4 007,11217,62.17119945,41819,672
DHANKUTA,Dhankuta Municipality,524 1 07 3 003,10704,110.4806463,36619,331
NUWAKOT,Belkotgadhi Municipality,524 3 28 3 002,30508,155.5873384,40698,261
MORANG,Kanepokhari Gaunpalika,524 1 05 4 003,11206,82.00465619,38033,463
SARLAHI,Balara Municipality,524 2 19 3 011,20516,48.52769106,45194,931
DANG,Rapti Gaunpalika,524 5 56 4 007,31301,161.6165126,40764,252
MAHOTTARI,Balawa Municipality,524 2 18 3 007,20407,44.0270996,42341,961
JHAPA,Kachanakawal Gaunpalika,524 1 04 4 007,11115,109.1756605,39538,362
SYANGJA,Galyang Municipality,524 4 41 3 003,40910,122.9561839,37809,307
CHITAWAN,Madi Municipality,524 3 35 3 005,10209,218.4665823,37683,172
DAILEKH,Dullu Municipality,524 6 61 3 003,60607,157.5348779,41540,263
NAWALPARASI,Pratapapur Gaunpalika,524 5 76 4 003,50706,71.25363891,45241,634
SAPTARI,Bode Barsain Municipality,524 2 15 3 006,20109,58.79968835,43229,735
RUPANDEHI,Mayadevi Gaunpalika,524 5 48 4 005,50812,72.63674287,47156,649
SUNSARI,Koshi Gaunpalika,524 1 06 4 001,11303,75.76995042,43626,575
SAPTARI,Dakneshwori Municipality,524 2 15 3 007,20110,68.95350605,42754,620
DHANUSA,Mithila Municipality,524 2 17 3 001,20303,187.6831346,45164,240
MORANG,Budhiganga Gaunpalika,524 1 05 4 004,11213,56.22975909,41586,739
KAPILBASTU,Mayadevi Gaunpalika,524 5 49 4 003,50812,88.77826224,48218,543
PYUTHAN,Pyuthan Municipality,524 5 55 3 002,50304,129.3717604,38449,297
RAUTAHAT,Gujara Municipality,524 2 32 3 001,20602,150.2952155,46592,310
SARLAHI,Malangawa Municipality,524 2 19 3 009,20520,30.42267143,46516,1528
BARA,Simroungadh Municipality,524 2 33 3 005,20712,41.44291755,48570,1171
MAKWANPUR,Thaha Municipality,524 3 31 3 001,31202,191.1156273,41623,217
BARA,Kolhabi Municipality,524 2 33 3 002,20702,157.3858092,44035,279
JHAPA,Kankai Municipality,524 1 04 3 003,11104,78.76665818,40141,509
SARLAHI,Godaita Municipality,524 2 19 3 008,20517,48.5947004,47687,981
SURKHET,Bheriganga Municipality,524 6 59 3 002,61005,257.4279687,41407,160
RUPANDEHI,Gaidahawa Gaunpalika,524 5 48 4 003,50805,97.04673987,47565,490
SARLAHI,Hariwan Municipality,524 2 19 3 002,20502,95.32554838,43924,460
SAPTARI,Hanumannagar Kankalini Municipality,524 2 15 3 009,20116,117.8756383,45734,387
CHITAWAN,Kalika Municipality,524 3 35 3 001,30304,149.185641,42493,284
JHAPA,Buddhashanti Gaunpalika,524 1 04 4 002,11102,79.42733585,41585,523
GORKHA,Palungtar Municipality,524 4 36 3 001,40108,158.7470826,38174,240
UDAYAPUR,Belaka Municipality,524 1 14 3 004,11401,338.3643945,42386,125
RAUTAHAT,Garuda Municipality,524 2 32 3 008,20608,44.4481614,50481,1135
SAPTARI,Surunga Municipality,524 2 15 3 001,20107,106.8063352,44222,414
LAMJUNG,Bensi Shahar Municipality,524 4 37 3 002,40605,127.763246,39356,308
PARBAT,Kushma Municipality,524 4 42 3 001,41003,93.35752013,39600,424
BARDIYA,Thakurbaba Municipality,524 5 58 3 003,51203,105.1292247,44316,421
DHANUSA,Dhanushadham Municipality,524 2 17 3 004,20302,91.51150374,45585,498
NAWALPARASI,Devchuli Municipality,524 4 47 3 003,40805,112.856193,42603,377
KAILALI,Kailari Gaunpalika,524 7 71 4 002,70812,234.6860889,47987,204
ARGHAKHANCHI,Shitaganga Municipality,524 5 50 3 003,50506,612.2183927,43373,70
SAPTARI,Khadak Municipality,524 2 15 3 002,20106,96.54974264,45368,469
SIRAHA,Dhangadhimai Municipality,524 2 16 3 004,20202,159.1938703,47449,298
DHANUSA,Shahidnagar Municipality,524 2 17 3 008,20310,57.28445843,47422,827
BARA,Mahagadhimai Municipality,524 2 33 3 003,20714,55.31978576,52336,946
MAHOTTARI,Bhangaha Municipality,524 2 18 3 004,20405,77.1247323,46757,606
MAHOTTARI,Manara Shisawa Municipality,524 2 18 3 006,20410,49.67849059,49692,1000
ARGHAKHANCHI,Sandhikharka Municipality,524 5 50 3 002,50504,129.7789257,41079,316
SURKHET,Gurbhakot Municipality,524 6 59 3 005,61004,229.6371658,43765,190
SINDHUPALCHOK,Melanchi Municipality,524 3 23 3 001,30205,160.5183281,45343,282
KANCHANPUR,Shuklaphanta Municipality,524 7 72 3 004,70902,163.6496815,46834,286
DANG,Lamahi Municipality,524 5 56 3 001,51007,327.9108377,47655,145
SIRAHA,Mirchaiya Municipality,524 2 16 3 002,20204,91.81647465,48911,532
JHAPA,Kamal Gaunpalika,524 1 04 4 001,11106,104.162401,44365,425
BARDIYA,Madhuwan Municipality,524 5 58 3 002,51206,130.4394854,46437,356
KAILALI,Janaki Gaunpalika,524 7 71 4 006,51105,107.8654316,48540,450
KAPILBASTU,Maharajganj Municipality,524 5 49 3 005,50906,112.5708069,54800,486
RAMECHHAP,Manthali  Municipality,524 3 21 3 001,31005,211.4666178,45416,214
KAILALI,Bhajani Municipality,524 7 71 3 004,70811,177.2749552,51845,292
KAVREPALANCHOK,Panauti Municipality,524 3 24 3 005,30909,118.094094,46595,394
KANCHANPUR,Bedkot Municipality,524 7 72 3 003,70903,160.9976042,49479,307
KHOTANG,Rupakot Majhuwagadhi Municipality,524 1 12 3 002,10505,245.8915506,46903,190
SIRAHA,Kalyanpur Municipality,524 2 16 3 006,20206,76.68641094,49290,642
BARDIYA,Badhaiyatal Gaunpalika,524 5 58 4 002,51208,115.7804788,47868,413
SINDHUPALCHOK,Choutara Sangachowkgadhi Municipality,524 3 23 3 002,30207,165.0979335,46497,281
ILAM,Illam Municipality,524 1 03 3 002,11003,172.6018177,48536,281
MORANG,Sunwarshi Municipality,524 1 05 3 007,11210,106.0110589,50758,478
KANCHANPUR,Belouri Municipality,524 7 72 4 001,70909,36.94922008,53544,1449
SIRAHA,Golbazar Municipality,524 2 16 3 003,20203,111.7327721,52137,466
UDAYAPUR,Chaudandigadhi Municipality,524 1 14 3 003,11402,283.0357583,48574,171
PANCHTHAR,Phidim Municipality,524 1 02 3 001,10904,191.733301,49201,256
SYANGJA,Putalibazar Municipality,524 4 41 3 001,40901,147.4556393,44876,304
DHANUSA,Sabaila Municipality,524 2 17 3 006,20309,64.37635549,52389,813
SAPTARI,Kanchanrup Municipality,524 2 15 3 005,20102,117.0228338,53288,455
BANKE,Khajura Gaunpalika,524 5 57 4 001,51104,102.4263227,50961,497
MORANG,Rangeli Municipality,524 1 05 3 006,11211,111.3869594,52013,466
TANAHU,Bhanu Municipality,524 4 40 3 003,40701,184.4710936,45792,248
KAPILBASTU,Krishnanagar Municipality,524 5 49 3 004,50905,96.96188771,62360,643
KANCHANPUR,Punarbas Municipality,524 7 72 3 007,70907,104.3867858,53633,513
MAHOTTARI,Jaleshwor Municipality,524 2 18 3 009,20415,44.20981307,57549,1301
SUNSARI,Ramdhuni Municipality,524 1 06 3 002,11305,91.41293298,51722,565
KAILALI,Gauriganga Municipality,524 7 71 3 002,70804,245.9283362,55314,224
NAWALPARASI,Ramgram Municipality,524 5 76 3 003,50703,94.09015921,56845,604
TANAHU,Shuklagandaki Municipality,524 4 40 3 001,40704,165.003122,48456,293
KANCHANPUR,Krishnapur Municipality,524 7 72 3 005,70901,254.3945246,56643,222
SUNSARI,Duhabi Municipality,524 1 06 3 004,11307,67.53971624,56216,832
RUPANDEHI,Devdaha Municipality,524 5 48 3 002,50801,137.2557858,53523,389
BANKE,Baijanath Gaunpalika,524 5 57 4 002,51103,142.3741523,54418,382
JHAPA,Gauradaha Municipality,524 1 04 3 006,11108,149.3159089,53033,355
KAVREPALANCHOK,Banepa Municipality,524 3 24 3 002,30904,54.56273874,55628,1019
GORKHA,Gorkha Municipality,524 4 36 3 002,40109,131.9536142,49272,373
BHAKTAPUR,Changunarayan Municipality,524 3 26 3 002,30701,62.94521942,55430,880
BARDIYA,Bansgadhi Municipality,524 5 58 3 006,51201,207.1076105,55875,269
SYANGJA,Walling Municipality,524 4 41 3 004,40909,128.6383679,51243,398
PALPA,Tansen Municipality,524 5 46 3 001,50605,110.042969,50405,458
UDAYAPUR,Katari Municipality,524 1 14 3 001,11407,424.0792612,56146,132
SARLAHI,Ishworpur Municipality,524 2 19 3 006,20506,163.6805393,59986,366
MORANG,Ratuwamai Municipality,524 1 05 3 008,11209,141.6199832,55380,391
BARDIYA,Rajapur Municipality,524 5 58 3 001,51205,127.7913382,59553,466
NUWAKOT,Bidur Municipality,524 3 28 3 001,30504,129.995872,54351,418
NAWALPARASI,Madhya Bindu Municipality,524 4 47 3 001,40807,233.7202267,54140,231
ILAM,Suryodaya Municipality,524 1 03 3 003,11009,224.5340789,56707,252
BANKE,Rapti Sonari Gaunpalika,524 5 57 4 005,51101,1046.441454,59946,57
MORANG,Urlabari Municipality,524 1 05 3 005,11208,74.33749186,54696,735
NAWALPARASI,Sunawal Municipality,524 5 76 3 001,50702,173.8748937,55790,320
CHITAWAN,Khairahani Municipality,524 3 35 3 003,31306,85.61684815,56094,655
CHITAWAN,Rapti Municipality,524 3 35 3 004,31301,212.4223845,58107,273
RUPANDEHI,Sainamaina Municipality,524 5 48 3 001,50803,161.6169023,55822,345
SARLAHI,Lalbandi Municipality,524 2 19 3 003,20501,238.2830891,59395,249
NAWALPARASI,Gaidakot Municipality,524 4 47 3 004,40801,160.1052925,58841,367
RUPANDEHI,Siddharthanagar Municipality,524 5 48 3 005,50811,36.11768459,63483,1757
KATHMANDU,Kageshwori Manahara Municipality,524 3 27 3 006,30602,27.36351771,60237,2201
MAHOTTARI,Gaushala Municipality,524 2 18 3 002,20402,144.5861584,66677,461
KAPILBASTU,Shivaraj Municipality,524 5 49 3 001,50903,284.975801,66781,234
KAPILBASTU,Buddhabhumi Municipality,524 5 49 3 002,50902,367.7852112,64949,176
JHAPA,Arjundhara Municipality,524 1 04 3 004,11103,109.3947975,60205,550
SUNSARI,Inaruwa Municipality,524 1 06 3 003,11309,77.67982149,63593,818
MAHOTTARI,Bardibas Municipality,524 2 18 3 001,20401,315.2136162,64212,203
DHADING,Nilkhantha Municipality,524 3 30 3 001,30406,199.9556231,58515,292
LALITPUR,Mahalaxmi Municipality,524 3 25 3 002,10701,26.49352308,62172,2346
RUPANDEHI,Lumbini Sanskritik Municipality,524 5 48 3 004,50813,112.5019597,72497,644
BARDIYA,Gulariya Municipality,524 5 58 3 004,51207,118.8425954,66679,561
SARLAHI,Barahathawa Municipality,524 2 19 3 004,20504,106.9919701,69822,652
SAPTARI,Rajbiraj Municipality,524 2 15 3 008,20113,55.13449916,68396,1240
NAWALPARASI,Bardaghat Municipality,524 5 76 3 002,50701,178.8078875,61472,343
MORANG,Pathari Shanishchare Municipality,524 1 05 3 004,11207,79.3170606,61132,770
BAGLUNG,Baglung Municipality,524 4 43 3 003,41101,99.11271234,57823,583
SINDHULI,Dudhouli Municipality,524 3 20 3 002,31101,389.7136421,65302,167
NAWALPARASI,Kawasoti Municipality,524 4 47 3 002,40806,108.4921316,62421,575
SINDHULI,Kamalamai Municipality,524 3 20 3 001,31105,481.9571589,64386,133
KATHMANDU,Kirtipur Municipality,524 3 27 3 009,30609,14.75541626,65602,4445
BARDIYA,Barbardiya Municipality,524 5 58 3 005,51202,228.0125086,68012,298
JHAPA,Shivasatakshi Municipality,524 1 04 3 002,11105,144.885327,64596,445
RAUTAHAT,Chandrapur Municipality,524 2 32 3 002,20601,249.8509289,72059,288
JHAPA,Bhadrapur Municipality,524 1 04 3 008,11114,95.93087878,65533,683
KATHMANDU,Nagarjun Municipality,524 3 27 3 005,30607,29.83928775,67420,2259
KAPILBASTU,Kapilbastu Municipality,524 5 49 3 006,50907,137.3003505,76394,556
MORANG,Belbari Municipality,524 1 05 3 003,11205,132.3318548,65892,497
KAILALI,Ghodaghodi Municipality,524 7 71 3 003,70805,356.5226698,75586,212
BANKE,Kohalpur Municipality,524 5 57 3 001,51102,185.1376707,70647,381
CHITAWAN,Ratnanagar Municipality,524 3 35 3 002,31305,68.73065553,69851,1016
KAILALI,Lamki Chuha Municipality,524 7 71 3 006,70807,226.2522291,75425,333
KAILALI,Tikapur Municipality,524 7 71 3 005,70810,118.9998169,76084,639
KAPILBASTU,Banganga Municipality,524 5 49 3 003,50901,234.3262539,75242,321
KAILALI,Godawari Municipality,524 7 71 3 001,30803,310.5917639,78018,251
TANAHU,Byas Municipality,524 4 40 3 002,40702,248.012241,70335,283
JHAPA,Damak Municipality,524 1 04 3 001,11107,70.58927308,75102,1063
LALITPUR,Godawari Municipality,524 3 25 3 001,30803,96.08046337,78301,814
BHAKTAPUR,Suryabinayak Municipality,524 3 26 3 004,30704,42.43608051,78490,1849
SIRAHA,Siraha Municipality,524 2 16 3 008,20217,94.04355311,82531,877
BHAKTAPUR,Bhaktapur Municipality,524 3 26 3 003,30702,6.553227001,81748,12474
SUNSARI,Baraha Municipality,524 1 06 3 001,11302,221.407604,77407,349
KATHMANDU,Tarakeshwor Municipality,524 3 27 3 001,30507,34.93759688,81443,2331
BHAKTAPUR,Madhyapur Thimi Municipality,524 3 26 3 001,30703,11.10688092,83036,7476
JHAPA,Birtamod Municipality,524 1 04 3 007,11112,77.90817901,81878,1050
MORANG,Sundarharaicha Municipality,524 1 05 3 002,11204,109.7949562,80518,733
KATHMANDU,Chandragiri Municipality,524 3 27 3 008,30610,43.90576529,85198,1940
SIRAHA,Lahan Municipality,524 2 16 3 005,20201,166.8294675,91766,550
UDAYAPUR,Triyuga Municipality,524 1 14 3 002,11403,546.1478795,87557,160
KATHMANDU,Tokha Municipality,524 3 27 3 002,30605,17.1074518,99032,5788
KANCHANPUR,Bhimdatta Municipality,524 7 72 3 002,70904,172.9906764,104599,604
RUPANDEHI,Tilottama Municipality,524 5 48 3 003,50808,126.4823934,100149,791
SURKHET,Birendranagar Municipality,524 6 59 3 003,61006,246.1692443,100458,408
BARA,Kalaiya Sub-Metropolitian City,524 2 33 2 002,20708,109.9988375,123024,1118
BARA,Jitpur Simara Sub-Metropolitian City,524 2 33 2 001,20703,311.1629912,117094,376
KATHMANDU,Budhanilkhantha Municipality,524 3 27 3 003,30604,34.78497419,107918,3102
KATHMANDU,Gokarneshwor Municipality,524 3 27 3 004,30603,58.45730151,107351,1836
JHAPA,Mechinagar Municipality,524 1 04 3 005,11101,191.7564171,111737,582
BANKE,Nepalganj Sub-Metropolitian City,524 5 57 2 001,51106,86.36027794,138951,1608
KAILALI,Dhangadhi Sub-Metropolitian City,524 7 71 2 001,70813,263.3925256,147741,560
RUPANDEHI,Butwal Sub-Metropolitian City,524 5 48 2 001,50802,101.8532971,138742,1362
SUNSARI,Dharan Sub-Metropolitian City,524 1 06 2 001,11301,191.9899601,137705,717
DANG,Tulsipur Sub-Metropolitian City,524 5 56 2 001,51003,386.1550384,141528,366
SUNSARI,Itahari Sub-Metropolitian City,524 1 06 2 002,11306,93.47652212,140517,1503
DHANUSA,Janakpur Sub-Metropolitian City,524 2 17 2 001,20315,91.85590783,162172,1765
MAKWANPUR,Hetauda Sub-Metropolitian City,524 3 31 2 001,31206,261.6128202,152875,584
DANG,Ghorahi Sub-Metropolitian City,524 5 56 2 002,51002,524.1496096,156164,297
PARSA,Birgunj Metropolitian City,524 2 34 1 001,20807,132.1172983,240922,1823
MORANG,Biratnagar Metropolitian City,524 1 05 1 001,11214,76.75429284,214663,2796
LALITPUR,Lalitpur Metropolitian City,524 3 25 1 001,30801,36.10713169,284922,7891
CHITAWAN,Bharatpur Metropolitian City,524 3 35 1 001,30702,433.3835658,280502,647
KASKI,Pokhara Lekhnath Metropolitian City,524 4 39 1 001,40504,464.9505417,402995,866
KATHMANDU,Kathmandu Metropolitian City,524 3 27 1 001,30601,49.43575498,975453,19731
