,PROGRAMME NAME,Programme Code,BUDGET (Â£)
0,Climate Smart Development For Nepal,204984,
91,Accelerating Investment and Infrastructure in Nepal (AiiN),203427,12040728.58
111,Evidence for Development,203385,
118,Family Planning Project,203100,918930.64
369,"Improving Public Finance Management and Accountability in Nepal, Phase II (PFMA2)",300006,
370,Integrated Programme for Strengthening Security and Justice,203274,
470,Nepal Health Sector Programme III,205145,90000
504,Post-Earthquake Reconstruction in Nepal,205138,
929,Public FInancial Managment Multi Donor Trust Fund II,300007,2000000
930,Seismic Retrofitting of Unsafe Houses in Nepal,300458,
935,Social Protection Programme,300743,
936,Provincial and Local Governance Support Programme,300009,60000
938,Support to vulnerable households (durable solution),300462,
1017,Strengthening Disaster Resilence in Nepal,300003,
1021,Skills for Employment Programme,204857,10389.61
1039,Rural Water and Sanitation Programme,203187,5995052.32
1057,Rural Access Programme,203186,
1209,Access to Finance,203426,
