munid,HLCIT_CODE,Municipality
96,524 1 10 4 006,Aamchowk Gaunpalika
432,524 4 41 4 001,Aandhikhola Gaunpalika
403,524 4 36 4 006,Aarughat Gaunpalika
618,524 6 61 3 001,Aathabis Nagarpalika
564,524 6 52 3 001,Aathbiskot Nagarpalika
80,524 1 08 4 003,Aathrai Gaunpalika
1,524 1 01 4 006,Aathrai Tribeni Gaunpalika
176,524 2 17 4 003,Aaurahi Gaunpalika
665,524 6 66 4 007,Adanchuli Gaunpalika
363,524 2 33 4 009,Adarshkotwal Gaunpalika
706,524 7 70 4 001,Adharsha Gaunpalika
140,524 2 15 4 002,Agnisair Krishna Savaran Gaunpalika
121,524 1 12 4 001,Ainselukhark Gaunpalika
739,524 7 73 4 002,Ajaymeru Gaunpalika
404,524 4 36 4 002,Ajirkot Gaunpalika
740,524 7 73 4 004,Alital Gaunpalika
741,524 7 73 3 002,Amargadhi Nagarpalika
422,524 4 40 4 005,Anbukhaireni Gaunpalika
443,524 4 39 4 001,Annapurna Gaunpalika
457,524 4 44 4 003,Annapurna Gaunpalika
756,524 7 75 4 003,Apihimal Gaunpalika
433,524 4 41 4 003,Arjunchaupari Gaunpalika
28,524 1 04 3 004,Arjundhara Nagarpalika
159,524 2 16 4 003,Arnama Gaunpalika
97,524 1 10 4 003,Arun Gaunpalika
160,524 2 16 4 004,Aurahi Gaunpalika
194,524 2 18 3 003,Aurahi Nagarpalika
544,524 5 55 4 007,Ayirabati Gaunpalika
581,524 5 56 4 001,Babai Gaunpalika
599,524 5 58 4 002,Badhaiyatal Gaunpalika
471,524 4 43 4 003,Badigad Gaunpalika
707,524 7 70 4 006,Badikedar Gaunpalika
672,524 7 68 3 002,Badimalika Nagarpalika
571,524 6 53 3 002,Bagchaur Nagarpalika
472,524 4 43 3 003,Baglung Nagarpalika
280,524 3 25 4 001,Bagmati Gaunpalika
333,524 3 31 4 008,Bagmati Gaunpalika
209,524 2 19 3 001,Bagmati Nagarpalika
494,524 5 46 4 005,Bagnaskali Gaunpalika
380,524 2 34 3 002,Bahudaramai Nagarpalika
591,524 5 57 4 002,Baijanath Gaunpalika
246,524 3 22 4 004,Baiteshwor Gaunpalika
334,524 3 31 4 007,Bakaiya Gaunpalika
141,524 2 15 4 004,Balan Bihul Gaunpalika
210,524 2 19 3 011,Balara Nagarpalika
255,524 3 23 4 006,Balefi Gaunpalika
195,524 2 18 3 007,Balwa Nagarpalika
423,524 4 40 4 004,Bandipur Gaunpalika
267,524 3 24 3 002,Banepa Nagarpalika
565,524 6 52 4 002,Banfikot Gaunpalika
572,524 6 53 3 001,Bangad Kupinde Nagarpalika
528,524 5 49 3 003,Banganga Nagarpalika
582,524 5 56 4 005,Banglachuli Gaunpalika
695,524 7 69 4 003,Bannigadhi Jayagadh Gaunpalika
600,524 5 58 3 006,Bansagadhi Nagarpalika
364,524 2 33 4 006,Baragadhi Gaunpalika
60,524 1 06 3 001,Barah Nagarpalika
122,524 1 12 4 007,Barahapokhari Gaunpalika
211,524 2 19 3 004,Barahathawa Nagarpalika
609,524 6 59 4 002,Barahtal Gaunpalika
602,524 5 58 3 005,Barbardiya Nagarpalika
504,524 5 47 3 002,Bardaghat Nagarpalika
716,524 7 71 4 005,Bardagoriya Gaunpalika
196,524 2 18 3 001,Bardibas Nagarpalika
608,524 5 58 5 997,Bardiya National Park 5
629,524 6 60 4 003,Barekot Gaunpalika
473,524 4 43 4 006,Bareng Gaunpalika
256,524 3 23 3 003,Barhabise Nagarpalika
29,524 1 04 4 005,Barhadashi Gaunpalika
452,524 4 45 4 003,Barhagaun Muktikhsetra Gaunpalika
161,524 2 16 4 005,Bariyarpatti Gaunpalika
61,524 1 06 4 006,Barju Gaunpalika
212,524 2 19 4 001,Basbariya Gaunpalika
177,524 2 17 4 001,Bateshwor Gaunpalika
345,524 2 32 3 010,Baudhimai Nagarpalika
729,524 7 72 3 003,Bedkot Nagarpalika
131,524 1 14 3 004,Belaka Nagarpalika
730,524 7 72 3 006,Belauri Nagarpalika
43,524 1 05 3 003,Belbari Nagarpalika
731,524 7 72 4 001,Beldandi Gaunpalika
142,524 2 15 4 006,Belhi Chapena Gaunpalika
301,524 3 28 3 002,Belkotgadhi Nagarpalika
458,524 4 44 3 001,Beni Nagarpalika
320,524 3 30 4 008,Benighat Rorang Gaunpalika
414,524 4 37 3 002,Besishahar Nagarpalika
268,524 3 24 4 003,Bethanchowk Gaunpalika
30,524 1 04 3 008,Bhadrapur Nagarpalika
162,524 2 16 4 009,Bhagawanpur Gaunpalika
619,524 6 61 4 007,Bhagawatimai Gaunpalika
742,524 7 73 4 001,Bhageshwar Gaunpalika
620,524 6 61 4 002,Bhairabi Gaunpalika
717,524 7 71 3 004,Bhajani Nagarpalika
286,524 3 26 3 003,Bhaktapur Nagarpalika
197,524 2 18 3 004,Bhangaha Nagarpalika
424,524 4 40 3 003,Bhanu Nagarpalika
395,524 3 35 1 001,Bharatpur Mahanagarpalika
630,524 6 60 3 002,Bheri Nagarpalika
610,524 6 59 3 002,Bheriganga Nagarpalika
425,524 4 40 3 004,Bhimad Nagarpalika
732,524 7 72 3 002,Bhimdatta Nagarpalika
247,524 3 22 3 001,Bhimeshwor Nagarpalika
335,524 3 31 4 004,Bhimphedi Gaunpalika
405,524 4 36 4 007,Bhimsen Gaunpalika
434,524 4 41 3 002,Bhirkot Nagarpalika
98,524 1 10 3 002,Bhojpur Nagarpalika
62,524 1 06 4 002,Bhokraha Gaunpalika
257,524 3 23 4 004,Bhotekoshi Gaunpalika
86,524 1 09 4 002,Bhotkhola Gaunpalika
775,524 5 52 4 003,Bhume Gaunpalika
538,524 5 50 3 001,Bhumekasthan Nagarpalika
269,524 3 24 4 001,Bhumlu Gaunpalika
178,524 2 17 3 010,Bideha Nagarpalika
302,524 3 28 3 001,Bidur Nagarpalika
248,524 3 22 4 001,Bigu Gaunpalika
464,524 4 42 4 003,Bihadi Gaunpalika
529,524 5 49 4 001,Bijayanagar Gaunpalika
766,524 4 47 4 004,Binayee Tribeni Gaunpalika
381,524 2 34 4 010,Bindabasini Gaunpalika
44,524 1 05 1 001,Biratnagar Mahanagarpalika
611,524 6 59 3 003,Birendranagar Nagarpalika
382,524 2 34 1 001,Birgunj Mahanagarpalika
31,524 1 04 3 007,Birtamod Nagarpalika
435,524 4 41 4 004,Biruwa Gaunpalika
213,524 2 19 4 008,Bishnu Gaunpalika
143,524 2 15 4 007,Bishnupur Gaunpalika
163,524 2 16 4 002,Bishnupur Gaunpalika
365,524 2 33 4 004,Bishrampur Gaunpalika
682,524 7 67 4 004,Bithadchir Gaunpalika
144,524 2 15 3 006,Bode Barsain Nagarpalika
708,524 7 70 4 007,Bogtan Gaunpalika
214,524 2 19 4 007,Bramhapuri Gaunpalika
346,524 2 32 3 005,Brindaban Nagarpalika
530,524 5 49 3 002,Buddhabhumi Nagarpalika
32,524 1 04 4 002,Buddhashanti Gaunpalika
290,524 3 27 3 003,Budhanilakantha Nagarpalika
45,524 1 05 4 004,Budhiganga Gaunpalika
673,524 7 68 3 003,Budhiganga Nagarpalika
674,524 7 68 3 001,Budhinanda Nagarpalika
767,524 4 47 4 002,Bulingtar Gaunpalika
683,524 7 67 3 001,Bungal Nagarpalika
768,524 4 47 4 001,Bungdikali Gaunpalika
511,524 5 48 2 001,Butwal Upamahanagarpalika
757,524 7 75 4 001,Byas Gaunpalika
426,524 4 40 3 002,Byas Nagarpalika
684,524 7 67 4 007,Chabispathivera Gaunpalika
87,524 1 09 3 003,Chainpur Nagarpalika
215,524 2 19 4 004,Chakraghatta Gaunpalika
448,524 4 38 4 003,Chame Gaunpalika
113,524 1 13 4 004,Champadevi Gaunpalika
621,524 6 61 3 002,Chamunda Bindrasaini Nagarpalika
644,524 6 63 3 001,Chandannath Nagarpalika
291,524 3 27 3 008,Chandragiri Nagarpalika
482,524 5 51 4 006,Chandrakot Gaunpalika
216,524 2 19 4 002,Chandranagar Gaunpalika
347,524 2 32 3 002,Chandrapur Nagarpalika
287,524 3 26 3 002,Changunarayan Nagarpalika
666,524 6 66 4 005,Chankheli Gaunpalika
436,524 4 41 3 005,Chapakot Nagarpalika
483,524 5 51 4 007,Chatrakot Gaunpalika
73,524 1 07 4 004,Chaubise Gaunpalika
132,524 1 14 3 003,Chaudandigadhi Nagarpalika
612,524 6 59 4 001,Chaukune Gaunpalika
270,524 3 24 4 002,Chaurideurali Gaunpalika
566,524 6 52 3 002,Chaurjahari Nagarpalika
696,524 7 69 4 001,Chaurpati Gaunpalika
258,524 3 23 3 002,Chautara Sangachok Gadhi Nagarpalika
636,524 6 62 4 006,Chharka Tangsong Gaunpalika
81,524 1 08 4 004,Chhathar Gaunpalika
74,524 1 07 4 002,Chhathar Jorpati Gaunpalika
539,524 5 50 4 002,Chhatradev Gaunpalika
573,524 6 53 4 005,Chhatreshwori Gaunpalika
661,524 6 65 3 001,Chhayanath Rara Nagarpalika
631,524 6 60 3 001,Chhedagad Nagarpalika
675,524 7 68 4 003,Chhededaha Gaunpalika
145,524 2 15 4 008,Chhinnamasta Gaunpalika
383,524 2 34 4 007,Chhipaharmai Gaunpalika
179,524 2 17 3 003,Chhireshwornath Nagarpalika
88,524 1 09 4 004,Chichila Gaunpalika
613,524 6 59 4 003,Chingad Gaunpalika
114,524 1 13 4 006,Chisankhugadhi Gaunpalika
344,524 2 34 5 997,Chitwan National Park 5
402,524 3 31 5 997,Chitwan National Park 5
774,524 3 35 5 997,Chitwan National Park 5
394,524 4 47 5 997,Chitwan National Park 5
18,524 1 03 4 004,Chulachuli Gaunpalika
406,524 4 36 4 001,Chum Nubri Gaunpalika
718,524 7 71 4 001,Chure Gaunpalika
146,524 2 15 3 007,Dakneshwori Nagarpalika
292,524 3 27 3 010,Dakshinkali Nagarpalika
453,524 4 45 4 002,Dalome Gaunpalika
33,524 1 04 3 001,Damak Nagarpalika
583,524 5 56 4 002,Dangisharan Gaunpalika
574,524 6 53 4 002,Darma Gaunpalika
746,524 7 74 3 001,Dasharathchanda Nagarpalika
19,524 1 03 3 001,Deumai Nagarpalika
769,524 4 47 3 003,Devchuli Nagarpalika
512,524 5 48 3 002,Devdaha Nagarpalika
427,524 4 40 4 006,Devghat Gaunpalika
366,524 2 33 4 007,Devtal Gaunpalika
348,524 2 32 3 007,Dewahhi Gonahi Nagarpalika
63,524 1 06 4 005,Dewanganj Gaunpalika
697,524 7 69 4 005,Dhakari Gaunpalika
180,524 2 17 4 004,Dhanauji Gaunpalika
719,524 7 71 2 001,Dhangadhi Upamahanagarpalika
164,524 2 16 3 004,Dhangadhimai Nagarpalika
217,524 2 19 4 003,Dhankaul Gaunpalika
75,524 1 07 3 003,Dhankuta Nagarpalika
46,524 1 05 4 008,Dhanpalthan Gaunpalika
181,524 2 17 3 004,Dhanusadham Nagarpalika
64,524 1 06 2 001,Dharan Upamahanagarpalika
407,524 4 36 4 004,Dharche Gaunpalika
89,524 1 09 3 004,Dharmadevi Nagarpalika
459,524 4 44 4 001,Dhaulagiri Gaunpalika
384,524 2 34 4 006,Dhobini Gaunpalika
575,524 6 53 4 003,Dhorchaur Gaunpalika
463,524 4 43 5 998,Dhorpatan Hunting Reserve 5
481,524 4 44 5 998,Dhorpatan Hunting Reserve 5
778,524 5 52 5 998,Dhorpatan Hunting Reserve 5
474,524 4 43 3 001,Dhorpatan Nagarpalika
271,524 3 24 3 003,Dhulikhel Nagarpalika
321,524 3 30 3 002,Dhunibesi Nagarpalika
484,524 5 51 4 003,Dhurkot Gaunpalika
747,524 7 74 4 001,Dilasaini Gaunpalika
709,524 7 70 3 002,Dipayal Silgadi Nagarpalika
123,524 1 12 4 004,Diprung Gaunpalika
748,524 7 74 4 002,Dogadakedar Gaunpalika
637,524 6 62 4 003,Dolpo Buddha Gaunpalika
238,524 3 21 4 002,Doramba Gaunpalika
415,524 4 37 4 003,Dordi Gaunpalika
105,524 1 11 4 006,Dudhkaushika Gaunpalika
106,524 1 11 4 004,Dudhkoshi Gaunpalika
229,524 3 20 3 002,Dudhouli Nagarpalika
416,524 4 37 4 004,Dudhpokhari Gaunpalika
592,524 5 57 4 004,Duduwa Gaunpalika
65,524 1 06 3 004,Duhabi Nagarpalika
553,524 5 54 4 002,Duikholi Gaunpalika
622,524 6 61 3 003,Dullu Nagarpalika
623,524 6 61 4 006,Dungeshwor Gaunpalika
758,524 7 75 4 002,Dunhu Gaunpalika
303,524 3 28 4 008,Dupcheshwar Gaunpalika
349,524 2 32 4 002,Durga Bhagwati Gaunpalika
685,524 7 67 4 006,Durgathali Gaunpalika
198,524 2 18 4 003,Ekdanra Gaunpalika
20,524 1 03 4 001,Fakphokthum Gaunpalika
10,524 1 02 4 003,Falelung Gaunpalika
11,524 1 02 4 005,Falgunanda Gaunpalika
584,524 5 56 4 006,Gadhawa Gaunpalika
66,524 1 06 4 003,Gadhi Gaunpalika
350,524 2 32 3 009,Gadhimai Nagarpalika
513,524 5 48 4 003,Gaidahawa Gaunpalika
770,524 4 47 3 004,Gaidakot Nagarpalika
322,524 3 30 4 009,Gajuri Gaunpalika
323,524 3 30 4 010,Galchi Gaunpalika
475,524 4 43 3 002,Galkot Nagarpalika
437,524 4 41 3 003,Galyang Nagarpalika
743,524 7 73 4 005,Ganayapdhura Gaunpalika
408,524 4 36 4 009,Gandaki Gaunpalika
182,524 2 17 3 002,Ganeshman Charnath Nagarpalika
324,524 3 30 4 002,Gangajamuna Gaunpalika
351,524 2 32 3 008,Garuda Nagarpalika
545,524 5 55 4 002,Gaumukhi Gaunpalika
676,524 7 68 4 002,Gaumul Gaunpalika
352,524 2 32 3 015,Gaur Nagarpalika
34,524 1 04 3 006,Gauradhaha Nagarpalika
720,524 7 71 3 002,Gauriganga Nagarpalika
35,524 1 04 4 003,Gauriganj Gaunpalika
249,524 3 22 4 002,Gaurishankar Gaunpalika
199,524 2 18 3 002,Gaushala Nagarpalika
603,524 5 58 4 001,Geruwa Gaunpalika
230,524 3 20 4 003,Ghanglekh Gaunpalika
454,524 4 45 4 004,Gharapjhong Gaunpalika
428,524 4 40 4 002,Ghiring Gaunpalika
721,524 7 71 3 003,Ghodaghodi Nagarpalika
585,524 5 56 2 002,Ghorahi Upamahanagarpalika
218,524 2 19 3 008,Godaita Nagarpalika
281,524 3 25 3 001,Godawari Nagarpalika
722,524 7 71 3 001,Godawari Nagarpalika
293,524 3 27 3 004,Gokarneshwor Nagarpalika
239,524 3 21 4 003,Gokulganga Gaunpalika
231,524 3 20 4 005,Golanjor Gaunpalika
165,524 2 16 3 003,Golbazar Nagarpalika
409,524 4 36 3 002,Gorkha Nagarpalika
315,524 3 29 4 002,Gosaikunda Gaunpalika
47,524 1 05 4 005,Gramthan Gaunpalika
353,524 2 32 3 001,Gujara Nagarpalika
604,524 5 58 3 004,Gulariya Nagarpalika
485,524 5 51 4 005,Gulmidarbar Gaunpalika
624,524 6 61 4 005,Gurans Gaunpalika
614,524 6 59 3 005,Gurbhakot Nagarpalika
645,524 6 63 4 007,Guthichaur Gaunpalika
36,524 1 04 4 006,Haldibari Gaunpalika
124,524 1 12 3 001,Halesi Tuwachung Nagarpalika
183,524 2 17 3 007,Hansapur Nagarpalika
147,524 2 15 3 009,Hanumannagar Kankalini Nagarpalika
232,524 3 20 4 001,Hariharpurgadhi Gaunpalika
67,524 1 06 4 004,Harinagara Gaunpalika
438,524 4 41 4 005,Harinas Gaunpalika
219,524 2 19 3 005,Haripur Nagarpalika
220,524 2 19 3 010,Haripurwa Nagarpalika
221,524 2 19 3 002,Hariwan Nagarpalika
99,524 1 10 4 007,Hatuwagadhi Gaunpalika
259,524 3 23 4 001,Helambu Gaunpalika
336,524 3 31 2 001,Hetauda Upamahanagarpalika
12,524 1 02 4 001,Hilihang Gaunpalika
646,524 6 63 4 004,Hima Gaunpalika
677,524 7 68 4 001,Himali Gaunpalika
771,524 4 47 4 003,Hupsekot Gaunpalika
396,524 3 35 4 001,Ichchhyakamana Gaunpalika
21,524 1 03 3 002,Illam Nagarpalika
68,524 1 06 3 003,Inaruwa Nagarpalika
337,524 3 31 4 005,Indrasarowar Gaunpalika
260,524 3 23 4 005,Indrawati Gaunpalika
354,524 2 32 3 013,Ishanath Nagarpalika
222,524 2 19 3 006,Ishworpur Nagarpalika
486,524 5 51 4 004,Isma Gaunpalika
69,524 1 06 2 002,Itahari Upamahanagarpalika
638,524 6 62 4 002,Jagadulla Gaunpalika
385,524 2 34 4 005,Jagarnathpur Gaunpalika
48,524 1 05 4 007,Jahada Gaunpalika
476,524 4 43 3 004,Jaimuni Nagarpalika
200,524 2 18 3 009,Jaleswor Nagarpalika
465,524 4 42 4 001,Jaljala Gaunpalika
723,524 7 71 4 006,Janaki Gaunpalika
184,524 2 17 4 006,Janaknandani Gaunpalika
185,524 2 17 2 001,Janakpur Upamahanagarpalika
593,524 5 57 4 003,Janki Gaunpalika
125,524 1 12 4 008,Jantedhunga Gaunpalika
686,524 7 67 3 002,Jaya Prithivi Nagarpalika
37,524 1 04 4 004,Jhapa Gaunpalika
546,524 5 55 4 003,Jhimruk Gaunpalika
386,524 2 34 4 002,Jirabhawani Gaunpalika
250,524 3 22 3 002,Jiri Nagarpalika
367,524 2 33 2 001,Jitpur Simara Upamahanagarpalika
710,524 7 70 4 004,Jorayal Gaunpalika
724,524 7 71 4 004,Joshipur Gaunpalika
261,524 3 23 4 003,Jugal Gaunpalika
632,524 6 60 4 001,Junichande Gaunpalika
325,524 3 30 4 006,Jwalamukhi Gaunpalika
711,524 7 70 4 005,K I Singh Gaunpalika
223,524 2 19 3 007,Kabilasi Nagarpalika
38,524 1 04 4 007,Kachankawal Gaunpalika
294,524 3 27 3 006,Kageshwori Manahora Nagarpalika
639,524 6 62 4 005,Kaike Gaunpalika
725,524 7 71 4 002,Kailari Gaunpalika
338,524 3 31 4 003,Kailash Gaunpalika
304,524 3 28 4 009,Kakani Gaunpalika
368,524 2 33 2 002,Kalaiya Upamahanagarpalika
439,524 4 41 4 006,Kaligandagi Gaunpalika
487,524 5 51 4 010,Kaligandaki Gaunpalika
316,524 3 29 4 004,Kalika Gaunpalika
652,524 6 64 4 005,Kalika Gaunpalika
397,524 3 35 3 001,Kalika Nagarpalika
387,524 2 34 4 008,Kalikamai Gaunpalika
576,524 6 53 4 004,Kalimati Gaunpalika
251,524 3 22 4 003,Kalinchok Gaunpalika
166,524 2 16 3 006,Kalyanpur Nagarpalika
39,524 1 04 4 001,Kamal Gaunpalika
186,524 2 17 3 011,Kamala Nagarpalika
233,524 3 20 3 001,Kamalamai Nagarpalika
698,524 7 69 3 003,Kamalbazar Nagarpalika
647,524 6 63 4 001,Kanakasundari Gaunpalika
514,524 5 48 4 001,Kanchan Gaunpalika
148,524 2 15 3 005,Kanchanrup Nagarpalika
687,524 7 67 4 001,Kanda Gaunpalika
49,524 1 05 4 003,Kanepokhari Gaunpalika
40,524 1 04 3 003,Kankai Nagarpalika
477,524 4 43 4 005,Kanthekhola Gaunpalika
531,524 5 49 3 006,Kapilbastu Nagarpalika
577,524 6 53 4 007,Kapurkot Gaunpalika
369,524 2 33 4 003,Karaiyamai Gaunpalika
167,524 2 16 3 001,Karjanha Nagarpalika
50,524 1 05 4 006,Katahari Gaunpalika
355,524 2 32 3 004,Katahariya Nagarpalika
133,524 1 14 3 001,Katari Nagarpalika
295,524 3 27 1 001,Kathmandu Mahanagarpalika
224,524 2 19 4 006,Kaudena Gaunpalika
772,524 4 47 3 002,Kawasoti Nagarpalika
688,524 7 67 4 005,Kedarseu Gaunpalika
126,524 1 12 4 002,Kepilasagadhi Gaunpalika
51,524 1 05 4 001,Kerabari Gaunpalika
240,524 3 21 4 005,Khadadevi Gaunpalika
149,524 2 15 3 002,Khadak Nagarpalika
398,524 3 35 3 003,Khairahani Nagarpalika
594,524 5 57 4 001,Khajura Gaunpalika
76,524 1 07 4 001,Khalsa Chhintang Shahidbhumi Gaunpalika
653,524 6 64 3 002,Khandachakra Nagarpalika
90,524 1 09 3 001,Khandbari Nagarpalika
272,524 3 24 4 006,Khanikhola Gaunpalika
326,524 3 30 4 003,Khaniyabash Gaunpalika
681,524 7 67 5 997,Khaptad National Park 5
694,524 7 68 5 997,Khaptad National Park 5
705,524 7 69 5 997,Khaptad National Park 5
715,524 7 70 5 997,Khaptad National Park 5
689,524 7 67 4 010,Khaptadchhanna Gaunpalika
667,524 6 66 4 003,Kharpunath Gaunpalika
662,524 6 65 4 001,Khatyad Gaunpalika
115,524 1 13 4 001,Khijidemba Gaunpalika
127,524 1 12 4 006,Khotehang Gaunpalika
107,524 1 11 4 001,Khumbupasanglahmu Gaunpalika
296,524 3 27 3 009,Kirtipur Nagarpalika
305,524 3 28 4 002,Kispang Gaunpalika
595,524 5 57 3 001,Kohalpur Nagarpalika
370,524 2 33 3 002,Kolhabi Nagarpalika
282,524 3 25 4 002,Konjyosom Gaunpalika
70,524 1 06 4 001,Koshi Gaunpalika
72,524 1 06 5 995,Koshi Tappu Wildlife Reserve 5
139,524 1 14 5 995,Koshi Tappu Wildlife Reserve 5
158,524 2 15 5 995,Koshi Tappu Wildlife Reserve 5
515,524 5 48 4 008,Kotahimai Gaunpalika
532,524 5 49 3 004,Krishnanagar Nagarpalika
733,524 7 72 3 005,Krishnapur Nagarpalika
578,524 6 53 4 001,Kumakhmalika Gaunpalika
13,524 1 02 4 004,Kummayak Gaunpalika
633,524 6 60 4 002,Kuse Gaunpalika
466,524 4 42 3 001,Kushma Nagarpalika
417,524 4 37 4 001,Kwholasothar Gaunpalika
168,524 2 16 3 005,Lahan Nagarpalika
187,524 2 17 4 002,Lakshminiya Gaunpalika
225,524 2 19 3 003,Lalbandi Nagarpalika
82,524 1 08 3 001,Laligurans Nagarpalika
283,524 3 25 1 001,Lalitpur Mahanagarpalika
734,524 7 72 4 002,Laljhadi Gaunpalika
586,524 5 56 3 001,Lamahi Nagarpalika
128,524 1 12 4 003,Lamidanda Gaunpalika
726,524 7 71 3 006,Lamkichuha Nagarpalika
314,524 3 28 5 997,Langtang National Park 5
169,524 2 16 4 006,Laxmipur Patari Gaunpalika
759,524 7 75 4 006,Lekam Gaunpalika
615,524 6 59 3 004,Lekbeshi Nagarpalika
52,524 1 05 3 001,Letang Nagarpalika
116,524 1 13 4 002,Likhu Gaunpalika
241,524 3 21 4 006,Likhu Gaunpalika
306,524 3 28 4 006,Likhu Gaunpalika
108,524 1 11 4 003,Likhupike Gaunpalika
262,524 3 23 4 009,Lisangkhu Pakhar Gaunpalika
201,524 2 18 3 008,Loharpatti Nagarpalika
455,524 4 45 4 001,Lomanthang Gaunpalika
527,524 5 48 5 999,Lumbini Sanskritik Development Area 5
516,524 5 48 3 004,Lumbini Sanskritik Nagarpalika
554,524 5 54 4 008,Lungri Gaunpalika
444,524 4 39 4 002,Machhapuchchhre Gaunpalika
488,524 5 51 4 001,Madane Gaunpalika
356,524 2 32 3 011,Madhav Narayan Nagarpalika
605,524 5 58 3 002,Madhuwan Nagarpalika
773,524 4 37 3 001,Madhya Nepal Nagarpalika
418,524 4 47 3 001,Madhyabindu Nagarpalika
288,524 3 26 3 001,Madhyapur Thimi Nagarpalika
445,524 4 39 4 003,Madi Gaunpalika
555,524 5 54 4 004,Madi Gaunpalika
91,524 1 09 3 005,Madi Nagarpalika
399,524 3 35 3 005,Madi Nagarpalika
273,524 3 24 4 007,Mahabharat Gaunpalika
625,524 6 61 4 003,Mahabu Gaunpalika
150,524 2 15 4 005,Mahadeva Gaunpalika
371,524 2 33 3 003,Mahagadhimai Nagarpalika
735,524 7 72 3 001,Mahakali Nagarpalika
760,524 7 75 3 001,Mahakali Nagarpalika
109,524 1 11 4 002,Mahakulung Gaunpalika
77,524 1 07 3 001,Mahalaxmi Nagarpalika
284,524 3 25 3 002,Mahalaxmi Nagarpalika
285,524 3 25 4 003,Mahankal Gaunpalika
533,524 5 49 3 005,Maharajgunj Nagarpalika
467,524 4 42 4 004,Mahashila Gaunpalika
654,524 6 64 4 006,Mahawai Gaunpalika
202,524 2 18 4 004,Mahottari Gaunpalika
22,524 1 03 3 004,Mai Nagarpalika
23,524 1 03 4 003,Maijogmai Gaunpalika
2,524 1 01 4 005,Maiwakhola Gaunpalika
92,524 1 09 4 001,Makalu Gaunpalika
339,524 3 31 4 006,Makawanpurgadhi Gaunpalika
226,524 2 19 3 009,Malangawa Nagarpalika
540,524 5 50 4 001,Malarani Gaunpalika
460,524 4 44 4 004,Malika Gaunpalika
489,524 5 51 4 002,Malika Gaunpalika
761,524 7 75 4 004,Malikaarjun Gaunpalika
547,524 5 55 4 005,Mallarani Gaunpalika
340,524 3 31 4 001,Manahari Gaunpalika
274,524 3 24 3 001,Mandandeupur Nagarpalika
548,524 5 55 4 004,Mandavi Gaunpalika
117,524 1 13 4 007,Manebhanjyang Gaunpalika
461,524 4 44 4 005,Mangala Gaunpalika
699,524 7 69 3 002,Mangalsen Nagarpalika
24,524 1 03 4 005,Mangsebung Gaunpalika
203,524 2 18 3 006,Manra Siswa Nagarpalika
242,524 3 21 3 001,Manthali Nagarpalika
517,524 5 48 4 010,Marchawari Gaunpalika
234,524 3 20 4 002,Marin Gaunpalika
762,524 7 75 4 007,Marma Gaunpalika
419,524 4 37 4 002,Marsyangdi Gaunpalika
690,524 7 67 4 008,Masta Gaunpalika
495,524 5 46 4 004,Mathagadhi Gaunpalika
204,524 2 18 3 010,Matihani Nagarpalika
357,524 2 32 3 006,Maulapur Nagarpalika
518,524 5 48 4 005,Mayadevi Gaunpalika
534,524 5 49 4 003,Mayadevi Gaunpalika
41,524 1 04 3 005,Mechinagar Nagarpalika
307,524 3 28 4 001,Meghang Gaunpalika
263,524 3 23 3 001,Melamchi Nagarpalika
749,524 7 74 3 003,Melauli Nagarpalika
700,524 7 69 4 002,Mellekh Gaunpalika
252,524 3 22 4 006,Melung Gaunpalika
83,524 1 08 4 001,Menchayam Gaunpalika
3,524 1 01 4 004,Meringden Gaunpalika
14,524 1 02 4 007,Miklajung Gaunpalika
53,524 1 05 4 002,Miklajung Gaunpalika
4,524 1 01 4 002,Mikwakhola Gaunpalika
170,524 2 16 3 002,Mirchaiya Nagarpalika
189,524 2 17 3 005,Mithila Bihari Nagarpalika
188,524 2 17 3 001,Mithila Nagarpalika
468,524 4 42 4 002,Modi Gaunpalika
727,524 7 71 4 003,Mohanyal Gaunpalika
118,524 1 13 4 003,Molung Gaunpalika
640,524 6 62 4 004,Mudkechula Gaunpalika
663,524 6 65 4 003,Mugum Karmarong Gaunpalika
190,524 2 17 4 005,Mukhiyapatti Musarmiya Gaunpalika
490,524 5 51 3 001,Musikot Nagarpalika
568,524 6 52 3 003,Musikot Nagarpalika
429,524 4 40 4 001,Myagde Gaunpalika
84,524 1 08 3 002,Myanglung Nagarpalika
191,524 2 17 3 009,Nagarain Nagarpalika
297,524 3 27 3 005,Nagarjun Nagarpalika
668,524 6 66 4 001,Namkha Gaunpalika
275,524 3 24 3 006,Namobuddha Nagarpalika
171,524 2 16 4 001,Naraha Gaunpalika
655,524 6 64 4 001,Naraharinath Gaunpalika
596,524 5 57 4 006,Narainapur Gaunpalika
626,524 6 61 3 004,Narayan Nagarpalika
449,524 4 38 4 002,Narphu Gaunpalika
450,524 4 38 4 004,Nashong Gaunpalika
549,524 5 55 4 001,Naubahini Gaunpalika
763,524 7 75 4 005,Naugad Gaunpalika
317,524 3 29 4 005,Naukunda Gaunpalika
627,524 6 61 4 004,Naumule Gaunpalika
744,524 7 73 4 003,Nawadurga Gaunpalika
172,524 2 16 4 007,Nawarajpur Gaunpalika
110,524 1 11 4 005,Nechasalyan Gaunpalika
597,524 5 57 2 001,Nepalgunj Upamahanagarpalika
451,524 4 38 4 001,Neshyang Gaunpalika
327,524 3 30 4 005,Netrawati Gaunpalika
372,524 2 33 3 001,Nijgadh Nagarpalika
328,524 3 30 3 001,Nilakantha Nagarpalika
496,524 5 46 4 008,Nisdi Gaunpalika
478,524 4 43 4 001,Nisikhola Gaunpalika
519,524 5 48 4 006,Omsatiya Gaunpalika
656,524 6 64 4 003,Pachaljharana Gaunpalika
373,524 2 33 3 004,Pacharauta Nagarpalika
469,524 4 42 4 005,Painyu Gaunpalika
388,524 2 34 4 009,Pakahamainpur Gaunpalika
78,524 1 07 3 002,Pakhribas Nagarpalika
657,524 6 64 4 004,Palata Gaunpalika
505,524 5 47 4 001,Palhi Nandan Gaunpalika
410,524 4 36 3 001,Palungtar Nagarpalika
276,524 3 24 3 005,Panauti Nagarpalika
701,524 7 69 3 004,Panchadewal Binayak Nagarpalika
308,524 3 28 4 007,Panchakanya Gaunpalika
93,524 1 09 3 002,Panchakhapan Nagarpalika
750,524 7 74 4 004,Pancheshwar Gaunpalika
277,524 3 24 3 004,Panchkhal Nagarpalika
264,524 3 23 4 002,Panchpokhari Thangpal Gaunpalika
616,524 6 59 3 001,Panchpuri Nagarpalika
678,524 7 68 4 004,Pandav Gupha Gaunpalika
541,524 5 50 4 003,Panini Gaunpalika
745,524 7 73 3 001,Parashuram Nagarpalika
318,524 3 29 4 001,Parbati Kunda Gaunpalika
358,524 2 32 3 012,Paroha Nagarpalika
227,524 2 19 4 009,Parsa Gaunpalika
343,524 2 33 5 995,Parsa Wildlife Reserve 5
379,524 2 34 5 995,Parsa Wildlife Reserve 5
0,524 3 31 5 995,Parsa Wildlife Reserve 5
389,524 2 34 3 003,Parsagadhi Nagarpalika
374,524 2 33 4 001,Parwanipur Gaunpalika
54,524 1 05 3 004,Patahrishanishchare Nagarpalika
751,524 7 74 3 004,Patan Nagarpalika
390,524 2 34 4 003,Paterwasugauli Gaunpalika
648,524 6 63 4 003,Patrasi Gaunpalika
100,524 1 10 4 005,Pauwadungma Gaunpalika
5,524 1 01 4 001,Phaktanglung Gaunpalika
470,524 4 42 3 002,Phalebas Nagarpalika
359,524 2 32 3 003,Phatuwa Bijayapur Nagarpalika
85,524 1 08 4 002,Phedap Gaunpalika
440,524 4 41 4 002,Phedikhola Gaunpalika
375,524 2 33 4 005,Pheta Gaunpalika
15,524 1 02 3 001,Phidim Nagarpalika
235,524 3 20 4 007,Phikkal Gaunpalika
6,524 1 01 3 001,Phungling Nagarpalika
205,524 2 18 4 005,Pipra Gaunpalika
446,524 4 39 1 001,Pokhara Lekhnath Mahanagarpalika
391,524 2 34 3 001,Pokhariya Nagarpalika
376,524 2 33 4 002,Prasauni Gaunpalika
506,524 5 47 4 003,Pratappur Gaunpalika
736,524 7 72 3 007,Punarbas Nagarpalika
497,524 5 46 4 006,Purbakhola Gaunpalika
712,524 7 70 4 003,Purbichauki Gaunpalika
752,524 7 74 3 002,Purchaudi Nagarpalika
441,524 4 41 3 001,Putalibazar Nagarpalika
776,524 5 52 4 002,Putha Uttarganga Gaunpalika
550,524 5 55 3 002,Pyuthan Nagarpalika
462,524 4 44 4 002,Raghuganga Gaunpalika
498,524 5 46 4 001,Rainadevi Chhahara Gaunpalika
420,524 4 37 3 004,Rainas Nagarpalika
606,524 5 58 3 001,Rajapur Nagarpalika
151,524 2 15 3 008,Rajbiraj Nagarpalika
360,524 2 32 3 016,Rajdevi Nagarpalika
587,524 5 56 4 004,Rajpur Gaunpalika
361,524 2 32 3 014,Rajpur Nagarpalika
341,524 3 31 4 002,Raksirang Gaunpalika
702,524 7 69 4 004,Ramaroshan Gaunpalika
499,524 5 46 4 007,Rambha Gaunpalika
71,524 1 06 3 002,Ramdhuni Nagarpalika
243,524 3 21 3 002,Ramechhap Nagarpalika
206,524 2 18 3 005,Ramgopalpur Nagarpalika
507,524 5 47 3 003,Ramgram Nagarpalika
228,524 2 19 4 005,Ramnagar Gaunpalika
101,524 1 10 4 004,Ramprasad Rai Gaunpalika
500,524 5 46 3 002,Rampur Nagarpalika
55,524 1 05 3 006,Rangeli Nagarpalika
588,524 5 56 4 007,Rapti Gaunpalika
400,524 3 35 3 004,Rapti Nagarpalika
598,524 5 57 4 005,Rapti Sonari Gaunpalika
658,524 6 64 3 001,Raskot Nagarpalika
401,524 3 35 3 002,Ratnanagar Nagarpalika
56,524 1 05 3 008,Ratuwamai Nagarpalika
134,524 1 14 4 004,Rautamai Gaunpalika
491,524 5 51 3 002,Resunga Nagarpalika
430,524 4 40 4 003,Rhishing Gaunpalika
501,524 5 46 4 003,Ribdikot Gaunpalika
520,524 5 48 4 007,Rohini Gaunpalika
557,524 5 54 3 001,Rolpa Nagarpalika
25,524 1 03 4 006,Rong Gaunpalika
278,524 3 24 4 004,Roshi Gaunpalika
329,524 3 30 4 001,Rubi Valley Gaunpalika
558,524 5 54 4 009,Runtigadi Gaunpalika
447,524 4 39 4 004,Rupa Gaunpalika
129,524 1 12 3 002,Rupakot Majhuwagadhi Nagarpalika
152,524 2 15 4 001,Rupani Gaunpalika
492,524 5 51 4 008,Ruru Gaunpalika
192,524 2 17 3 006,Sabaila Nagarpalika
94,524 1 09 4 005,Sabhapokhari Gaunpalika
411,524 4 36 4 008,Sahid Lakhan Gaunpalika
193,524 2 17 3 008,Sahidnagar Nagarpalika
253,524 3 22 4 005,Sailung Gaunpalika
521,524 5 48 3 001,Sainamaina Nagarpalika
130,524 1 12 4 005,Sakela Gaunpalika
392,524 2 34 4 004,Sakhuwa Prasauni Gaunpalika
173,524 2 16 4 008,Sakhuwanankarkatti Gaunpalika
102,524 1 10 4 001,Salpasilichho Gaunpalika
522,524 5 48 4 009,Sammarimai Gaunpalika
207,524 2 18 4 002,Samsi Gaunpalika
26,524 1 03 4 002,Sandakpur Gaunpalika
542,524 5 50 3 002,Sandhikharka Nagarpalika
79,524 1 07 4 003,Sangurigadhi Gaunpalika
569,524 6 52 4 001,Sani Bheri Gaunpalika
659,524 6 64 4 002,Sanni Tribeni Gaunpalika
703,524 7 69 3 001,Sanphebagar Nagarpalika
153,524 2 15 3 004,Saptakoshi Nagarpalika
508,524 5 47 4 002,Sarawal Gaunpalika
669,524 6 66 4 004,Sarkegad Gaunpalika
551,524 5 55 4 006,Sarumarani Gaunpalika
493,524 5 51 4 009,Satyawati Gaunpalika
713,524 7 70 4 002,Sayal Gaunpalika
103,524 1 10 3 001,Shadananda Nagarpalika
764,524 7 75 3 002,Shailyashikhar Nagarpalika
154,524 2 15 3 003,Shambhunath Nagarpalika
298,524 3 27 3 007,Shankharapur Nagarpalika
589,524 5 56 4 003,Shantinagar Gaunpalika
579,524 6 53 3 003,Sharada Nagarpalika
641,524 6 62 4 001,Shey Phoksundo Gaunpalika
714,524 7 70 3 001,Shikhar Nagarpalika
753,524 7 74 4 005,Shivanath Gaunpalika
309,524 3 28 4 010,Shivapuri Gaunpalika
313,524 3 28 5 996,Shivapuri Watershed and Wildlife Reserve 5
535,524 5 49 3 001,Shivaraj Nagarpalika
42,524 1 04 3 002,Shivasataxi Nagarpalika
634,524 6 60 4 004,Shiwalaya Gaunpalika
431,524 4 40 3 001,Shuklagandaki Nagarpalika
737,524 7 72 3 004,Shuklaphanta Nagarpalika
738,524 7 72 5 997,Shuklaphanta National Park 5
330,524 3 30 4 007,Siddhalek Gaunpalika
523,524 5 48 3 005,Siddharthanagar Nagarpalika
119,524 1 13 3 001,Siddhicharan Nagarpalika
7,524 1 01 4 008,Sidingba Gaunpalika
754,524 7 74 4 006,Sigas Gaunpalika
95,524 1 09 4 003,Silichong Gaunpalika
670,524 6 66 4 002,Simkot Gaunpalika
377,524 2 33 3 005,Simraungadh Nagarpalika
617,524 6 59 4 004,Simta Gaunpalika
649,524 6 63 4 002,Sinja Gaunpalika
174,524 2 16 3 008,Siraha Nagarpalika
412,524 4 36 4 005,Siranchok Gaunpalika
8,524 1 01 4 003,Sirijangha Gaunpalika
777,524 5 52 4 001,Sisne Gaunpalika
543,524 5 50 3 003,Sitganga Nagarpalika
524,524 5 48 4 004,Siyari Gaunpalika
111,524 1 11 3 001,Solududhakunda Nagarpalika
208,524 2 18 4 001,Sonama Gaunpalika
664,524 6 65 4 002,Soru Gaunpalika
112,524 1 11 4 007,Sotang Gaunpalika
536,524 5 49 4 004,Suddhodhan Gaunpalika
525,524 5 48 4 002,Sudhdhodhan Gaunpalika
175,524 2 16 3 007,Sukhipur Nagarpalika
559,524 5 54 4 001,Sukidaha Gaunpalika
413,524 4 36 4 003,Sulikot Gaunpalika
244,524 3 21 4 001,Sunapati Gaunpalika
560,524 5 54 4 005,Sunchhahari Gaunpalika
421,524 4 37 3 003,Sundarbazar Nagarpalika
57,524 1 05 3 002,Sundarharaicha Nagarpalika
120,524 1 13 4 005,Sunkoshi Gaunpalika
135,524 1 14 4 002,Sunkoshi Gaunpalika
236,524 3 20 4 004,Sunkoshi Gaunpalika
265,524 3 23 4 007,Sunkoshi Gaunpalika
509,524 5 47 3 001,Sunwal Nagarpalika
58,524 1 05 3 007,Sunwarshi Nagarpalika
691,524 7 67 4 002,Surma Gaunpalika
755,524 7 74 4 003,Surnaya Gaunpalika
155,524 2 15 3 001,Surunga Nagarpalika
289,524 3 26 3 004,Suryabinayak Nagarpalika
310,524 3 28 4 004,Suryagadhi Gaunpalika
27,524 1 03 3 003,Suryodaya Nagarpalika
510,524 5 47 4 004,Susta Gaunpalika
378,524 2 33 4 008,Suwarna Gaunpalika
561,524 5 54 4 007,Suwarnabati Gaunpalika
679,524 7 68 4 005,Swami Kartik Gaunpalika
552,524 5 55 3 001,Sworgadwary Nagarpalika
311,524 3 28 4 005,Tadi Gaunpalika
692,524 7 67 4 003,Talkot Gaunpalika
254,524 3 22 4 007,Tamakoshi Gaunpalika
479,524 4 43 4 002,Taman Khola Gaunpalika
671,524 6 66 4 006,Tanjakot Gaunpalika
502,524 5 46 3 001,Tansen Nagarpalika
136,524 1 14 4 001,Tapli Gaunpalika
480,524 4 43 4 004,Tara Khola Gaunpalika
299,524 3 27 3 001,Tarakeshwor Nagarpalika
312,524 3 28 4 003,Tarkeshwar Gaunpalika
650,524 6 63 4 006,Tatopani Gaunpalika
279,524 3 24 4 005,Temal Gaunpalika
342,524 3 31 3 001,Thaha Nagarpalika
331,524 3 30 4 011,Thakre Gaunpalika
607,524 5 58 3 003,Thakurbaba Nagarpalika
693,524 7 67 4 009,Thalara Gaunpalika
628,524 6 61 4 001,Thantikandh Gaunpalika
456,524 4 45 4 005,Thasang Gaunpalika
562,524 5 54 4 003,Thawang Gaunpalika
393,524 2 34 4 001,Thori Gaunpalika
642,524 6 62 3 002,Thuli Bheri Nagarpalika
728,524 7 71 3 005,Tikapur Nagarpalika
651,524 6 63 4 005,Tila Gaunpalika
660,524 6 64 3 003,Tilagufa Nagarpalika
156,524 2 15 4 009,Tilathi Koiladi Gaunpalika
526,524 5 48 3 003,Tillotama Nagarpalika
503,524 5 46 4 002,Tinau Gaunpalika
237,524 3 20 4 006,Tinpatan Gaunpalika
157,524 2 15 4 003,Tirahut Gaunpalika
300,524 3 27 3 002,Tokha Nagarpalika
563,524 5 54 4 006,Tribeni Gaunpalika
570,524 6 52 4 003,Tribeni Gaunpalika
580,524 6 53 4 006,Tribeni Gaunpalika
680,524 7 68 3 004,Tribeni Nagarpalika
635,524 6 60 3 003,Tribeni Nalagad Nagarpalika
332,524 3 30 4 004,Tripura Sundari Gaunpalika
266,524 3 23 4 008,Tripurasundari Gaunpalika
643,524 6 62 3 001,Tripurasundari Nagarpalika
137,524 1 14 3 002,Triyuga Nagarpalika
590,524 5 56 2 001,Tulsipur Upamahanagarpalika
16,524 1 02 4 006,Tumbewa Gaunpalika
704,524 7 69 4 006,Turmakhad Gaunpalika
104,524 1 10 4 002,Tyamkemaiyung Gaunpalika
138,524 1 14 4 003,Udayapurgadhi Gaunpalika
245,524 3 21 4 004,Umakunda Gaunpalika
59,524 1 05 3 005,Uralabari Nagarpalika
319,524 3 29 4 003,Uttargaya Gaunpalika
442,524 4 41 3 004,Waling Nagarpalika
9,524 1 01 4 007,Yangwarak Gaunpalika
17,524 1 02 4 002,Yangwarak Gaunpalika
537,524 5 49 4 002,Yashodhara Gaunpalika
362,524 2 32 4 001,Yemunamai Gaunpalika
